article_id,article_version,hcpc_modifier_group,"paragraph",last_updated
52369,16,1,"",2025-12-22 15:54:37.510000000
52370,128,1,"",2025-12-22 14:31:54.700000000
52379,9,1,"",2023-11-17 21:59:58.663000000
52399,65,1,"",2025-12-22 14:12:37.707000000
52420,63,1,"",2025-12-22 14:16:58.780000000
52421,22,1,"",2023-09-22 19:00:52.510000000
52423,83,1,"",2024-09-19 20:53:55.103000000
52432,14,1,"",2023-11-07 17:38:39.793000000
52435,14,1,"",2025-11-26 22:25:16.813000000
52437,17,1,"",2025-11-26 22:26:52.107000000
52438,22,1,"",2025-09-18 20:45:40.913000000
52448,23,1,"",2025-09-17 14:20:33.050000000
52450,80,1,"",2025-01-03 21:17:08.533000000
52451,81,1,"",2026-01-16 17:33:10.387000000
52453,48,1,"",2025-09-17 14:17:03.167000000
52470,18,1,"",2025-07-29 21:07:59.687000000
52725,36,1,"",2025-09-25 15:59:27.920000000
52830,7,1,"",2019-11-08 18:57:38.747000000
52848,41,1,"",2025-09-17 15:57:54.840000000
52849,35,1,"",2023-12-21 15:24:40.610000000
52850,55,1,"",2025-12-22 18:44:54.300000000
52855,30,1,"",2024-01-04 13:46:54.090000000
52863,58,1,"",2025-12-22 15:48:33.700000000
52866,34,1,"",2024-12-19 16:04:25.953000000
52868,45,1,"",2024-12-19 12:58:04.550000000
52870,37,1,"",2024-12-19 13:27:21.397000000
52986,242,1,"",2025-04-25 17:28:16.940000000
52992,30,1,"",2025-04-11 13:01:08.990000000
52993,54,1,"<p>N/A</p>",2024-10-18 13:42:54.597000000
52996,31,1,"",2025-09-26 13:52:26.830000000
52998,50,1,"",2026-01-23 14:04:06.287000000
53001,45,1,"",2026-01-23 14:04:57.337000000
53006,14,1,"",2019-12-12 15:59:00.577000000
53008,56,1,"",2025-10-27 12:06:22.090000000
53018,13,1,"",2023-11-20 14:38:49.317000000
53024,22,1,"",2025-09-16 14:35:05.060000000
53026,65,1,"<p>N/A</p>",2025-12-22 16:12:02.190000000
53043,14,1,"",2023-01-10 20:02:43.060000000
53046,21,1,"",2023-12-20 12:47:29.047000000
53047,17,1,"",2021-12-29 16:33:30.120000000
53052,48,1,"",2025-08-19 18:16:46.397000000
53053,14,1,"",2022-05-12 13:18:15.137000000
53057,63,1,"",2025-08-14 15:03:38.760000000
53058,61,1,"",2025-08-14 17:49:08.820000000
53060,48,1,"",2025-08-14 12:47:17.180000000
53064,83,1,"",2025-08-22 18:47:45.593000000
53065,72,1,"",2025-08-25 12:42:16.073000000
53084,28,1,"",2025-09-23 11:39:33.470000000
53095,28,1,"",2024-09-05 14:24:28.917000000
53101,46,1,"",2024-08-29 13:10:23.810000000
53104,32,1,"",2022-01-18 13:18:14.170000000
53105,22,1,"",2019-10-16 21:55:24.110000000
53134,84,1,"",2023-11-22 12:43:03.560000000
53296,22,1,"",2025-10-06 12:11:07.267000000
53304,16,1,"",2025-09-23 11:39:32.890000000
53322,16,1,"",2025-09-16 14:35:04.560000000
53352,13,1,"",2025-09-23 11:39:33.027000000
53359,35,1,"",2025-09-23 11:39:33.407000000
53387,33,1,"<p>LT</p>
<p>RT</p>
<p>&nbsp;</p>",2025-09-17 19:24:15.390000000
53399,13,1,"",2019-11-07 15:59:39.837000000
53423,16,1,"",2019-09-30 14:29:56.320000000
53435,11,1,"",2023-01-11 18:34:32.450000000
53441,10,1,"",2019-09-26 17:30:03.900000000
53444,14,1,"",2023-01-10 20:56:52.933000000
53472,18,1,"",2019-12-03 21:10:27.230000000
53480,14,1,"",2019-10-15 14:36:38.470000000
53482,13,1,"",2019-10-24 00:19:10.997000000
53484,16,1,"",2019-10-15 14:52:43.657000000
53488,11,1,"",2019-10-02 12:44:20.700000000
53497,15,1,"",2023-01-11 13:47:04.470000000
53531,22,1,"",2024-09-09 13:22:00.803000000
53538,15,1,"",2019-10-15 15:07:32.120000000
53558,29,1,"",2022-01-18 12:58:03.890000000
53605,21,1,"",2021-07-08 12:10:04.603000000
53702,19,1,"",2019-11-11 14:30:33.447000000
53708,16,1,"",2019-10-30 14:47:41.273000000
53773,20,1,"",2024-01-12 15:56:27.957000000
53775,34,1,"<p>KX</p>",2025-01-07 15:40:50.403000000
53778,14,1,"",2019-09-25 21:21:37.703000000
53781,17,1,"",2024-01-11 16:38:49.603000000
53784,15,1,"",2020-08-12 19:50:20.290000000
53793,35,1,"",2025-12-08 14:50:57.707000000
53883,26,1,"<p>&nbsp;</p>
<p>&nbsp;</p>
<p>&nbsp;</p>",2024-03-01 14:33:37.167000000
53972,10,1,"",2025-09-23 11:39:33.540000000
53986,18,1,"",2024-12-04 18:18:01.180000000
53988,20,1,"",2024-12-04 17:54:48.087000000
54018,33,1,"",2023-07-21 17:08:27.443000000
54021,26,1,"",2024-05-24 15:25:57.827000000
54061,23,1,"",2025-12-22 15:12:01.513000000
54095,68,1,"",2025-09-26 17:04:49.613000000
54111,50,1,"",2025-09-26 17:14:51.403000000
54117,88,1,"",2026-01-23 13:39:50.950000000
54188,33,1,"",2024-08-28 20:13:45.933000000
54191,27,1,"",2023-11-08 18:44:29.917000000
54192,22,1,"",2024-05-29 21:01:58.827000000
54194,23,1,"",2023-11-14 18:27:56.940000000
54195,22,1,"",2023-11-15 12:11:05.560000000
54196,20,1,"",2023-11-15 12:12:26.470000000
54257,14,1,"",2023-11-08 16:53:27.480000000
54269,14,1,"",2023-11-14 18:04:43.230000000
54270,16,1,"",2023-11-14 18:06:31.833000000
54283,15,1,"",2023-11-15 12:26:18.470000000
54295,27,1,"",2023-11-10 16:31:04.923000000
54300,16,1,"",2023-11-07 15:46:52.077000000
54327,7,1,"",2023-11-07 15:11:38.733000000
54338,55,1,"",2025-08-29 17:41:29.993000000
54386,37,1,"<p>N/A</p>",2024-08-29 12:08:32.180000000
54388,33,1,"<p>N/A</p>",2024-08-29 12:09:34.213000000
54418,27,1,"<p>N/A</p>",2023-11-22 15:31:11.047000000
54420,26,1,"<p>N/A</p>",2023-11-22 15:31:32.947000000
54422,20,1,"<p>N/A</p>",2024-05-24 11:58:39.200000000
54424,19,1,"<p>N/A</p>",2024-05-24 11:59:25.303000000
54445,26,1,"<p>N/A</p>",2023-11-22 16:55:44.947000000
54447,25,1,"<p>N/A</p>",2025-09-18 20:33:55.390000000
54472,30,1,"",2023-02-20 19:12:21.917000000
54480,15,1,"",2025-09-22 13:50:29.097000000
54482,15,1,"",2025-09-22 13:52:42.430000000
54484,12,1,"",2025-09-18 20:04:08.403000000
54486,12,1,"",2025-09-18 20:06:42.417000000
54498,23,1,"<p>N/A</p>",2023-11-22 15:32:47.620000000
54500,23,1,"<p>N/A</p>",2025-09-19 14:11:02.553000000
54548,35,1,"",2025-09-17 14:15:48.237000000
54555,18,1,"",2024-01-12 16:25:49.500000000
54559,12,1,"",2021-08-30 15:52:16.330000000
54602,24,1,"",2025-12-22 16:31:51.847000000
54635,31,1,"",2025-09-16 14:35:04.700000000
54641,13,1,"",2023-11-17 12:43:00.323000000
54643,13,1,"",2023-11-17 12:44:31.583000000
54660,13,1,"",2023-11-17 12:42:27.930000000
54662,13,1,"",2023-11-17 12:44:01.770000000
54682,34,1,"",2024-01-25 15:14:26.220000000
54685,17,1,"",2023-11-08 15:22:47.903000000
54686,22,1,"",2024-09-14 23:02:26.850000000
54688,23,1,"",2023-11-08 18:48:22.183000000
54689,32,1,"",2023-11-07 18:21:10.833000000
54750,13,1,"",2019-10-28 17:04:55.110000000
54767,66,1,"",2025-08-25 15:18:39.613000000
54768,38,1,"",2025-08-14 14:11:33.577000000
54769,27,1,"",2022-01-18 13:00:18.310000000
54795,42,1,"<p>N/A</p>",2024-03-15 10:14:22.817000000
54799,62,1,"",2025-11-24 13:23:30.800000000
54830,9,1,"",2024-04-05 20:59:32.513000000
54831,28,1,"",2023-08-24 15:36:23.510000000
54832,14,1,"",2024-03-28 13:08:54.857000000
54880,10,1,"",2025-06-05 17:08:18.760000000
54901,27,1,"",2024-03-15 17:01:26.033000000
54909,24,1,"",2023-09-22 19:02:46.897000000
54923,45,1,"",2026-01-22 14:31:42.740000000
54926,25,1,"",2025-05-09 14:50:07.580000000
54929,40,1,"",2025-10-27 12:06:23.633000000
54954,28,1,"",2023-01-20 14:21:01.807000000
54958,28,1,"<p>N/A</p>",2025-12-24 18:28:57.227000000
54961,20,1,"",2025-03-18 17:18:10.827000000
54969,52,1,"",2025-10-14 13:00:49.670000000
54975,16,1,"<p>N/A</p>",2023-11-22 15:12:08.707000000
54976,15,1,"<p>N/A</p>",2023-11-22 15:12:32.260000000
54982,28,1,"",2025-05-09 14:48:53.143000000
55001,67,1,"<p>N/A</p>",2025-12-22 16:47:57.043000000
55028,45,1,"<p>N/A</p>",2025-10-27 12:06:22.187000000
55044,18,1,"",2025-09-23 11:39:33.103000000
55056,14,1,"",2025-10-27 12:06:23.687000000
55061,11,1,"",2025-09-16 14:35:05.010000000
55069,26,1,"",2025-08-14 17:49:02.310000000
55115,14,1,"<p>N/A</p>",2023-11-22 15:20:48.813000000
55116,14,1,"<p>N/A</p>",2023-11-22 15:21:21.843000000
55136,19,1,"<p>N/A</p>",2024-01-24 13:36:42.880000000
55146,15,1,"",2025-10-22 17:38:13.990000000
55147,30,1,"<p>N/A</p>",2024-09-17 12:22:13.510000000
55161,23,1,"",2023-08-23 17:01:04.890000000
55162,18,1,"",2024-07-24 17:41:33.287000000
55169,15,1,"<p>N/A</p>",2025-10-22 15:38:30.720000000
55175,25,1,"",2025-12-23 19:00:35.490000000
55193,14,1,"",2024-06-18 13:35:42.967000000
55197,33,1,"",2024-03-20 14:46:01.197000000
55200,37,1,"<p>N/A</p>",2025-12-23 17:38:53.590000000
55206,18,1,"",2023-11-20 17:27:56.713000000
55210,15,1,"<p>N/A</p>",2026-01-22 14:36:51.557000000
55215,9,1,"",2025-09-16 14:35:04.870000000
55224,35,1,"<p>N/A</p>",2025-09-18 16:49:44.957000000
55227,19,1,"",2025-08-14 17:32:58.530000000
55229,46,1,"",2026-01-23 14:05:43.860000000
55230,18,1,"<p>N/A</p>",2025-12-23 17:56:22.723000000
55231,17,1,"<p>N/A</p>",2026-01-22 14:47:58.720000000
55233,21,1,"",2024-09-17 14:09:15.730000000
55235,15,1,"",2023-07-19 14:22:47.753000000
55239,61,1,"<p>N/A</p>",2026-01-02 19:04:28.677000000
55264,13,1,"<p>N/A</p>",2023-11-22 16:47:04.103000000
55265,12,1,"<p>N/A</p>",2023-11-22 16:47:25.263000000
55294,33,1,"<p>N/A</p>",2025-08-29 14:09:44.767000000
55295,29,1,"<p>N/A</p>",2025-08-29 14:08:56.703000000
55310,12,1,"",2025-08-28 12:06:50.737000000
55315,17,1,"",2025-09-26 22:10:36.743000000
55326,40,1,"",2025-10-27 12:06:24.967000000
55336,49,1,"",2025-08-21 12:24:18.653000000
55354,35,1,"",2023-06-05 13:31:53.137000000
55478,12,1,"",2025-09-16 14:35:03.850000000
55503,5,1,"",2023-11-22 16:23:07.623000000
55530,35,1,"",2025-10-14 13:00:49.843000000
55584,19,1,"",2025-09-16 14:35:04.440000000
55595,16,1,"<p>N/A</p>",2024-09-09 15:11:52.233000000
55596,12,1,"<p>N/A</p>",2023-11-22 18:55:46.777000000
55597,23,1,"<p>N/A</p>",2023-11-22 18:26:56.947000000
55600,16,1,"<p>N/A</p>",2024-09-09 15:12:58.507000000
55601,12,1,"<p>N/A</p>",2023-11-22 18:56:05.337000000
55602,23,1,"<p>N/A</p>",2023-11-22 18:27:18.323000000
55621,15,1,"",2024-04-16 14:17:44.707000000
55623,15,1,"<p>N/A</p>",2023-11-22 18:53:25.190000000
55624,33,1,"<p>N/A</p>",2024-03-15 16:08:50.767000000
55628,13,1,"<p>N/A</p>",2023-11-22 18:53:57.540000000
55639,51,1,"<p>N/A</p>",2025-11-18 20:23:20.680000000
55672,25,1,"",2023-11-20 14:31:32.123000000
55675,25,1,"",2025-10-06 18:48:48.637000000
55695,21,1,"",2023-05-23 12:49:05.600000000
55703,25,1,"",2024-06-18 14:15:30.503000000
55709,11,1,"",2024-04-16 15:08:02.687000000
55711,23,1,"<p>N/A</p>",2025-09-18 19:52:22.313000000
55712,21,1,"<p>N/A</p>",2025-09-18 19:56:50.020000000
55715,12,1,"",2025-01-31 19:32:23.010000000
55716,11,1,"",2023-11-08 15:14:20.580000000
55717,26,1,"",2025-08-18 16:43:45.620000000
55723,44,1,"",2023-01-20 12:02:27.777000000
55738,17,1,"<p>N/A</p>",2023-06-22 12:58:52.263000000
55754,22,1,"",2025-09-16 14:35:04.627000000
55769,14,1,"",2025-10-06 18:48:48.950000000
55774,13,1,"<p>N/A</p>",2025-09-23 11:39:33.273000000
55818,26,1,"",2026-01-23 14:13:19.470000000
55835,15,1,"",2025-02-21 19:20:57.990000000
55909,46,1,"<p>N/A</p>",2025-11-18 19:04:08.983000000
55913,9,1,"",2024-12-17 15:26:40.647000000
55937,42,1,"",2025-09-26 14:12:00.867000000
55951,17,1,"<p>N/A</p>",2025-08-22 17:41:11.200000000
56006,19,1,"",2023-12-21 20:09:49.660000000
56008,11,1,"",2024-11-13 18:17:30.600000000
56025,16,1,"",2025-09-23 11:39:33.783000000
56027,14,1,"",2025-12-23 00:21:15.357000000
56034,39,1,"",2025-09-25 15:58:50.380000000
56050,14,1,"",2025-01-31 17:18:53.753000000
56065,23,1,"",2022-11-15 01:52:19.980000000
56071,23,1,"",2025-10-06 18:48:48.887000000
56072,13,1,"",2024-01-23 18:41:24.357000000
56083,13,1,"",2025-07-29 21:06:32.213000000
56103,13,1,"<p>N/A</p>",2024-01-23 13:23:59.670000000
56104,15,1,"<p>N/A</p>",2024-01-23 13:24:38.443000000
56106,14,1,"",2024-01-30 20:17:52.790000000
56141,39,1,"",2020-11-12 22:00:17.003000000
56152,35,1,"",2025-10-27 12:06:23.137000000
56157,17,1,"<p>N/A</p>",2026-01-20 20:41:32.513000000
56159,22,1,"",2025-02-21 19:47:22.390000000
56178,20,1,"",2023-11-20 14:25:43.623000000
56199,122,1,"<p>The 91 modifier is used for laboratory tests paid under the clinical laboratory fee schedule, as stated in the Medicare Claims Processing Manual Chapter 16, Laboratory Services Section 100.5.1.<br /><br /></p>",2025-09-15 19:25:10.443000000
56232,34,1,"<p>N/A</p>",2025-09-17 16:31:13.050000000
56248,11,1,"",2019-09-11 17:34:42.853000000
56273,28,1,"<p>N/A</p>",2025-08-22 18:58:44.830000000
56287,18,1,"",2024-05-31 13:37:46.913000000
56289,13,1,"",2025-09-15 17:14:25.350000000
56326,27,1,"",2023-02-22 21:51:03.280000000
56333,11,1,"<p>N/A</p>",2023-07-19 14:40:42.763000000
56335,14,1,"<p>N/A</p>",2025-04-25 18:44:23.440000000
56340,31,1,"",2025-09-16 14:35:04.813000000
56346,22,1,"",2025-04-29 15:21:50.753000000
56380,56,1,"",2025-08-26 12:14:59.303000000
56384,7,1,"",2019-10-08 18:32:34.977000000
56389,36,1,"",2025-08-21 14:33:49.337000000
56390,11,1,"",2023-01-10 14:47:11.900000000
56391,37,1,"<p>N/A</p>",2025-12-24 19:58:21.823000000
56394,27,1,"<p>The <span style=""text-decoration: underline;"">providing practitioner is responsible</span> for applying the -KX modifier to claims for screening colonoscopy when the procedure follows a positive stool-based test as part of a complete colorectal cancer screening.</p>",2025-01-23 15:03:39.160000000
56395,17,1,"",2024-08-21 18:36:38.707000000
56396,11,1,"",2023-01-17 15:54:03.990000000
56414,41,1,"",2025-09-26 13:53:43.267000000
56416,42,1,"",2025-09-26 13:54:31.440000000
56419,20,1,"",2023-04-10 13:11:15.720000000
56420,16,1,"",2023-01-20 12:04:01.637000000
56421,40,1,"",2025-11-10 12:56:14.403000000
56422,50,1,"",2026-01-23 14:06:34.353000000
56423,59,1,"",2026-01-23 14:07:21.247000000
56425,16,1,"",2025-11-26 22:39:00.690000000
56431,6,1,"",2021-02-25 20:08:16.833000000
56432,22,1,"",2025-08-18 13:17:40.233000000
56439,18,1,"",2025-10-31 20:58:08.600000000
56448,22,1,"",2025-11-26 22:37:20.307000000
56451,26,1,"",2025-09-30 23:46:16.937000000
56452,21,1,"",2025-11-26 22:40:29.577000000
56453,12,1,"",2025-09-18 20:06:23.023000000
56454,11,1,"",2025-01-31 19:17:58.117000000
56455,11,1,"",2025-01-31 19:27:42.007000000
56456,30,1,"",2025-12-26 14:19:45.267000000
56457,14,1,"",2025-09-18 20:18:24.220000000
56459,28,1,"",2025-10-30 14:21:58.483000000
56460,13,1,"",2025-01-31 16:56:12.007000000
56461,25,1,"",2025-09-17 17:32:27.387000000
56462,30,1,"",2025-02-25 17:23:48.587000000
56464,34,1,"",2025-09-17 17:39:46.137000000
56465,15,1,"",2025-03-18 15:40:35.323000000
56467,12,1,"",2025-03-18 15:44:50.547000000
56471,17,1,"",2025-01-31 19:02:27.790000000
56472,22,1,"",2025-09-17 17:45:56.360000000
56476,35,1,"",2025-08-14 14:47:37.887000000
56491,25,1,"",2025-03-18 16:49:18.653000000
56493,13,1,"",2025-10-31 20:50:57.630000000
56494,15,1,"",2025-01-31 19:11:47.880000000
56497,20,1,"",2021-02-09 13:54:19.163000000
56500,39,1,"",2025-10-31 21:03:23.123000000
56502,8,1,"",2023-11-20 14:21:05.527000000
56503,12,1,"",2024-12-17 16:47:49.507000000
56505,37,1,"",2025-01-24 13:49:31.127000000
56514,25,1,"<p>N/A</p>",2025-10-14 13:00:42.573000000
56518,26,1,"<p>N/A</p>",2024-03-15 16:08:02.260000000
56531,19,1,"",2024-08-12 18:11:49.577000000
56537,40,1,"",2025-09-15 17:47:44.483000000
56538,27,1,"",2025-09-26 13:55:13.920000000
56541,40,1,"",2024-01-19 13:04:01.017000000
56542,18,1,"",2025-09-26 17:08:20.433000000
56544,27,1,"",2025-09-15 17:40:06.937000000
56545,14,1,"",2024-11-13 14:10:50
56548,19,1,"",2025-09-15 17:41:11.790000000
56549,12,1,"",2019-09-11 17:42:04.790000000
56550,11,1,"",2019-09-11 17:48:24.990000000
56551,33,1,"",2025-09-15 17:52:40.837000000
56558,86,1,"",2025-11-26 13:34:36.860000000
56559,26,1,"",2025-08-13 21:55:26.053000000
56562,33,1,"",2024-08-08 18:59:19.513000000
56565,19,1,"",2025-10-31 15:30:21.117000000
56566,41,1,"",2025-12-22 16:40:06.667000000
56572,22,1,"<p>N/A</p>",2025-10-27 12:06:23.070000000
56580,30,1,"",2025-08-14 18:31:13.090000000
56584,14,1,"",2023-07-06 14:41:36.983000000
56587,43,1,"",2025-01-24 17:36:21.190000000
56588,27,1,"",2024-09-23 10:43:36.330000000
56594,13,1,"",2025-03-18 17:14:00.253000000
56602,39,1,"",2025-01-24 13:51:55.843000000
56605,22,1,"",2025-12-22 15:47:48.893000000
56606,19,1,"",2024-12-17 17:20:51.027000000
56607,19,1,"",2025-08-21 14:15:19.033000000
56609,17,1,"",2024-02-13 22:15:19.560000000
56610,13,1,"",2023-11-06 15:53:06.300000000
56611,15,1,"",2025-08-14 16:11:19.137000000
56612,33,1,"",2025-08-20 18:07:27.037000000
56613,17,1,"",2025-08-14 16:13:18.737000000
56614,23,1,"",2025-04-09 14:26:14.137000000
56615,36,1,"",2025-09-26 13:56:51.227000000
56616,11,1,"",2024-12-13 15:16:30.767000000
56617,25,1,"",2023-12-19 12:47:27.620000000
56619,33,1,"",2025-08-20 14:53:32.640000000
56621,26,1,"",2025-08-14 12:30:33.987000000
56625,36,1,"",2025-08-19 15:00:46.823000000
56631,19,1,"",2023-10-20 11:53:00.737000000
56632,31,1,"",2025-08-14 17:16:03.233000000
56633,47,1,"",2023-11-09 23:50:23.010000000
56636,20,1,"",2025-10-22 18:51:30.333000000
56638,37,1,"",2025-07-09 18:47:27.213000000
56639,20,1,"",2025-08-14 13:23:36.783000000
56640,16,1,"",2019-09-06 18:27:01.200000000
56641,18,1,"",2025-08-14 13:58:38.173000000
56642,47,1,"",2025-07-09 18:46:27.867000000
56644,29,1,"",2025-09-26 14:04:44.160000000
56645,48,1,"",2024-10-18 13:49:36.060000000
56646,23,1,"",2025-08-21 14:10:45.603000000
56647,32,1,"",2023-11-09 23:51:49.847000000
56648,19,1,"",2023-10-19 18:16:12.080000000
56651,36,1,"",2023-11-09 11:41:10.573000000
56653,15,1,"",2024-05-31 13:36:54.770000000
56658,38,1,"",2025-11-10 12:56:58.053000000
56666,19,1,"",2023-01-20 12:03:14.147000000
56669,16,1,"",2024-07-23 15:40:31.860000000
56670,58,1,"<p>N/A</p>",2024-09-13 13:11:16.617000000
56672,16,1,"",2024-10-18 12:45:48.183000000
56673,14,1,"",2024-12-13 15:17:19.267000000
56674,11,1,"",2025-04-09 14:28:57.673000000
56675,25,1,"",2024-09-05 14:28:59.523000000
56679,9,1,"",2024-08-22 14:02:01.940000000
56680,44,1,"",2025-10-24 13:18:45.330000000
56681,34,1,"",2023-11-09 11:38:02.703000000
56682,49,1,"",2025-10-03 12:28:15.207000000
56684,17,1,"",2025-09-12 14:35:09.637000000
56685,17,1,"",2024-08-26 14:04:30.413000000
56686,16,1,"",2024-12-17 17:34:18.770000000
56690,17,1,"",2024-12-17 19:11:39.380000000
56691,28,1,"",2025-08-14 13:49:00.380000000
56692,18,1,"",2025-09-19 13:03:56.340000000
56695,24,1,"",2025-08-25 13:18:53.047000000
56696,35,1,"",2025-08-29 17:08:45.323000000
56697,44,1,"",2025-10-31 21:11:10.810000000
56703,17,1,"",2024-06-24 12:34:07.987000000
56704,10,1,"",2022-03-04 13:36:36.313000000
56717,31,1,"",2025-08-19 10:55:44.227000000
56718,33,1,"",2025-08-25 13:33:06.253000000
56722,23,1,"",2025-09-26 17:44:04.800000000
56724,5,1,"",2019-10-09 15:05:14.870000000
56726,42,1,"",2025-09-16 20:15:30.943000000
56727,21,1,"",2025-08-18 15:58:46.430000000
56729,21,1,"",2025-08-25 14:13:13.287000000
56730,23,1,"",2025-08-22 15:24:21.650000000
56731,16,1,"",2023-12-27 19:22:55.513000000
56732,15,1,"",2023-12-20 18:54:09.227000000
56737,30,1,"",2024-09-18 13:08:04.167000000
56743,25,1,"",2025-12-22 18:35:48.117000000
56747,28,1,"",2025-07-10 20:15:43.270000000
56748,29,1,"",2025-08-20 14:04:13.680000000
56754,4,1,"",2019-09-26 17:24:10.560000000
56756,20,1,"",2023-11-03 14:52:03.380000000
56758,61,1,"",2025-09-18 11:59:03.773000000
56766,24,1,"",2025-09-17 16:21:00.033000000
56767,28,1,"",2025-12-22 13:59:33.503000000
56769,18,1,"",2025-08-14 15:14:15.397000000
56771,25,1,"",2024-09-17 12:35:02.150000000
56773,30,1,"",2025-09-26 13:57:32.630000000
56774,22,1,"",2025-08-14 11:51:29.523000000
56775,24,1,"",2025-08-25 13:56:04.993000000
56777,12,1,"",2024-02-19 14:55:29.033000000
56779,18,1,"",2025-09-18 12:10:35.580000000
56781,36,1,"",2025-09-15 17:49:24.890000000
56784,18,1,"",2024-08-12 15:21:08.943000000
56786,67,1,"",2026-01-23 13:42:31.620000000
56787,23,1,"",2023-09-21 18:53:49.320000000
56792,11,1,"",2023-08-07 14:15:22.317000000
56793,34,1,"",2025-08-01 18:16:49.037000000
56795,34,1,"<p>N/A</p>",2025-04-23 19:27:45.450000000
56796,31,1,"",2026-01-23 13:44:53.973000000
56797,17,1,"",2025-12-22 13:57:20.127000000
56798,28,1,"",2025-07-29 15:17:54.257000000
56799,29,1,"",2025-10-30 14:19:04.033000000
56802,18,1,"",2025-09-26 22:16:16.487000000
56805,41,1,"",2025-09-26 17:13:53.940000000
56808,15,1,"",2025-09-26 22:12:16.470000000
56809,20,1,"",2025-08-29 17:15:27.260000000
56811,13,1,"",2025-09-19 13:08:35.837000000
56816,15,1,"",2025-01-31 19:38:16.150000000
56818,50,1,"",2025-08-22 12:14:24.160000000
56823,19,1,"",2025-12-22 14:02:10.777000000
56825,20,1,"",2025-08-14 15:48:46.883000000
56826,11,1,"",2019-11-01 14:09:37.933000000
56827,16,1,"",2025-09-15 17:38:34.110000000
56836,17,1,"",2025-04-30 17:13:11.870000000
56837,17,1,"",2024-12-19 16:28:17.803000000
56838,13,1,"",2024-05-21 14:16:40.207000000
56841,18,1,"",2023-10-20 11:51:57.263000000
56844,25,1,"",2025-09-17 16:48:38.247000000
56845,11,1,"",2025-09-15 17:50:38.283000000
56848,16,1,"",2025-01-24 13:54:22.770000000
56850,32,1,"",2024-12-19 12:51:50.667000000
56852,22,1,"",2025-08-13 19:37:56.930000000
56853,97,1,"",2026-01-12 15:39:30.990000000
56857,7,1,"",2021-06-30 12:24:42.627000000
56859,7,1,"",2021-02-02 17:28:11.633000000
56863,14,1,"",2023-11-20 14:45:57.257000000
56865,28,1,"",2024-09-19 20:58:14.567000000
56866,18,1,"",2024-09-24 14:32:53.200000000
56867,42,1,"",2025-10-17 13:05:25.977000000
56868,30,1,"",2025-08-22 19:20:56.293000000
56869,12,1,"",2024-12-17 20:18:35.400000000
56870,7,1,"",2021-11-16 13:03:11.370000000
56871,19,1,"",2024-12-16 20:11:02.040000000
56872,10,1,"",2023-07-21 15:01:18.897000000
56874,28,1,"",2024-12-19 16:40:06.060000000
56875,11,1,"",2021-09-09 12:14:43.133000000
56876,18,1,"",2023-12-28 16:40:58.680000000
56881,10,1,"",2025-08-01 00:19:51.063000000
56884,13,1,"",2023-11-08 17:11:56.847000000
56885,14,1,"",2023-11-10 16:46:18.910000000
56887,11,1,"",2023-11-15 12:11:45.737000000
56898,15,1,"",2021-06-15 12:08:48.113000000
56899,11,1,"",2024-10-31 13:10:46.850000000
56900,23,1,"<p>N/A</p>",2025-09-17 17:04:28.400000000
56902,50,1,"<p>N/A</p>",2026-01-22 20:17:24.210000000
56903,15,1,"",2025-06-18 17:23:38.883000000
56905,20,1,"",2026-01-22 19:48:02.213000000
56906,13,1,"",2022-06-20 12:58:59.417000000
56907,24,1,"",2025-12-24 18:56:23.510000000
56908,19,1,"<p>The GY modifier must be billed with ICD-10 code Z41.1 for a non-covered denial.</p>",2025-12-24 17:44:44.560000000
56910,9,1,"",2025-07-16 16:14:38.403000000
56913,13,1,"",2023-07-07 13:48:57.523000000
56914,19,1,"<p>N/A</p>",2026-01-22 19:51:09.270000000
56915,33,1,"",2026-01-22 20:13:23.790000000
56916,31,1,"<p>N/A</p>",2025-09-18 19:28:09.060000000
56923,16,1,"",2023-01-20 12:08:35.170000000
56924,11,1,"",2023-07-03 13:03:52.663000000
56926,16,1,"",2025-07-31 18:55:04.763000000
56929,15,1,"<p>No modifiers applicable for <em><strong><span style=""line-height: 115%;"">ICD-10 Codes that Support Medical Necessity Group 1: Codes.</span></strong></em></p>",2023-09-14 20:07:55.910000000
56929,15,2,"",2023-09-14 20:07:55.913000000
56933,9,1,"",2022-10-10 12:44:24.120000000
56937,42,1,"",2025-12-22 18:17:00.143000000
56938,46,1,"",2022-01-14 13:50:48.143000000
56940,11,1,"",2025-02-06 19:27:32.853000000
56941,7,1,"",2021-10-07 11:42:28.920000000
56943,17,1,"",2025-08-22 15:02:45.087000000
56948,23,1,"",2025-08-18 19:13:33.113000000
56949,7,1,"",2021-04-15 12:17:13.233000000
56952,50,1,"",2026-01-23 14:15:06.630000000
56953,25,1,"",2022-01-14 13:57:32.367000000
56954,5,1,"",2022-10-18 16:39:07.973000000
56957,9,1,"",2021-12-22 16:14:23.917000000
56961,18,1,"",2025-10-17 11:34:05.817000000
56962,8,1,"",2021-09-09 12:21:17.030000000
56963,12,1,"",2021-09-29 12:07:10.587000000
56973,67,1,"",2026-01-12 13:13:52.160000000
56980,12,1,"",2025-06-11 12:08:10.673000000
56981,16,1,"",2023-11-08 18:29:32.487000000
56982,15,1,"",2025-06-11 12:09:58.923000000
56983,12,1,"",2024-08-14 19:41:57.103000000
56985,15,1,"",2023-11-08 18:39:49.463000000
56988,17,1,"",2025-11-26 22:42:01.693000000
56989,11,1,"",2023-11-08 16:59:19.820000000
56995,15,1,"",2024-02-28 14:33:00.323000000
56997,18,1,"",2025-04-30 19:24:05.700000000
56998,10,1,"",2023-11-15 12:09:43.233000000
57020,5,1,"",2023-11-20 14:53:05.450000000
57021,19,1,"",2024-01-29 16:47:57.557000000
57024,15,1,"",2024-03-01 16:07:08.907000000
57025,21,1,"<p>N/A</p>",2025-01-24 13:58:48.657000000
57029,10,1,"",2022-10-28 13:23:02.547000000
57030,10,1,"",2020-09-24 18:45:51.140000000
57034,11,1,"",2024-11-08 16:17:10.453000000
57037,24,1,"<p>N/A</p>",2026-01-12 13:44:32.323000000
57038,16,1,"",2025-08-29 17:00:59.287000000
57039,9,1,"",2025-08-29 16:39:28.080000000
57040,25,1,"",2025-07-29 15:14:59.303000000
57041,20,1,"",2025-09-18 17:21:05.087000000
57043,23,1,"",2025-09-18 18:06:36.460000000
57044,21,1,"",2026-01-12 19:06:54.067000000
57047,11,1,"",2023-12-29 17:47:55.447000000
57049,12,1,"",2025-02-21 19:49:18.733000000
57050,12,1,"",2025-03-28 21:09:07.917000000
57052,17,1,"",2025-03-28 21:30:42.993000000
57053,21,1,"",2025-03-28 21:33:22.453000000
57054,11,1,"",2025-03-28 21:36:36.470000000
57056,44,1,"",2025-10-03 12:29:19.390000000
57060,11,1,"",2025-09-15 17:51:30.747000000
57063,29,1,"",2025-09-26 17:19:11.050000000
57064,9,1,"",2024-09-13 13:30:07.800000000
57065,30,1,"",2025-10-30 14:18:17.443000000
57067,32,1,"",2025-11-20 15:17:09.433000000
57068,16,1,"",2025-09-18 18:21:24.097000000
57069,24,1,"",2026-01-08 13:04:36.287000000
57070,15,1,"",2025-05-23 19:06:30.620000000
57071,35,1,"",2025-10-30 14:17:26.480000000
57072,17,1,"<p>N/A</p>",2023-06-29 17:20:47.940000000
57077,29,1,"",2024-10-18 13:54:49.250000000
57079,13,1,"",2025-12-22 13:27:42.243000000
57083,13,1,"",2025-11-14 12:34:06.720000000
57084,14,1,"",2023-11-16 19:34:05.083000000
57092,24,1,"",2025-10-09 13:05:38.597000000
57100,46,1,"<p>N/A</p>",2026-01-22 14:55:35.043000000
57106,12,1,"",2024-01-23 20:39:59.407000000
57110,17,1,"",2024-09-17 14:04:25.460000000
57112,11,1,"<p>N/A</p>",2024-06-18 13:50:35.500000000
57113,44,1,"",2026-01-23 13:45:56.860000000
57114,16,1,"",2026-01-23 13:49:43
57115,10,1,"",2026-01-23 14:15:55.930000000
57118,3,1,"",2019-10-02 17:03:59.110000000
57122,23,1,"",2025-12-12 14:46:47.553000000
57123,61,1,"",2025-09-26 17:05:42.520000000
57124,21,1,"<p>N/A</p>",2026-01-12 13:44:32.777000000
57125,22,1,"<p>N/A</p>",2024-10-18 13:43:39
57130,51,1,"",2025-09-26 13:58:25.637000000
57132,19,1,"",2023-12-29 17:42:59.203000000
57141,42,1,"",2025-12-17 17:42:09.603000000
57143,3,1,"",2019-09-16 16:48:36.647000000
57145,32,1,"",2026-01-23 14:16:53.010000000
57146,3,1,"",2019-09-16 16:49:39.983000000
57149,19,1,"",2025-12-12 13:10:11.717000000
57152,2,1,"",2019-09-16 16:36:46.340000000
57155,15,1,"<p>N/A</p>",2024-09-30 18:28:44.020000000
57160,9,1,"",2025-02-25 17:39:09.870000000
57161,22,1,"",2025-12-22 15:21:37.553000000
57165,15,1,"",2025-10-27 17:47:50.393000000
57170,2,1,"",2019-09-16 18:17:45.980000000
57174,2,1,"",2019-09-16 19:16:53.603000000
57179,20,1,"",2024-10-18 13:56:13.617000000
57181,37,1,"",2025-09-23 19:02:59.383000000
57183,23,1,"",2025-12-22 15:16:12.073000000
57185,37,1,"<p>N/A</p>",2025-12-29 16:57:00.760000000
57186,37,1,"<p>N/A</p>",2025-12-29 16:58:23.853000000
57187,31,1,"",2025-12-23 11:50:14.337000000
57188,27,1,"",2025-09-26 17:23:31.240000000
57189,28,1,"",2025-10-06 18:48:51.330000000
57190,11,1,"",2025-10-06 18:48:47.943000000
57193,30,1,"",2025-12-26 14:13:37.467000000
57194,33,1,"",2025-12-23 11:51:53.447000000
57195,29,1,"",2025-10-15 21:14:42.523000000
57204,43,1,"",2025-12-19 16:07:18.837000000
57205,39,1,"",2026-01-23 14:08:15.757000000
57206,30,1,"<p>N/A</p>",2025-10-14 13:00:41.993000000
57221,25,1,"",2025-10-06 18:48:49.537000000
57224,64,1,"",2025-12-22 16:45:41.043000000
57236,20,1,"<p>N/A</p>",2025-09-19 15:48:11.043000000
57237,11,1,"<p>N/A</p>",2025-10-06 18:48:48.713000000
57268,21,1,"<p>N/A</p>",2026-01-12 13:44:33.963000000
57282,18,1,"",2025-09-30 23:56:42.673000000
57284,13,1,"",2025-05-30 21:01:43.577000000
57305,14,1,"",2025-10-03 22:20:28.267000000
57306,42,1,"",2025-10-30 13:39:54.740000000
57307,37,1,"",2025-10-30 14:14:45.650000000
57311,32,1,"",2025-09-18 20:29:10.597000000
57326,40,1,"",2025-10-27 12:06:21.773000000
57329,17,1,"<p>N/A</p>",2025-09-22 13:15:45.310000000
57330,15,1,"<p>N/A</p>",2023-11-22 18:28:58.843000000
57331,55,1,"<p>N/A</p>",2026-01-13 15:48:58.723000000
57332,54,1,"<p>N/A</p>",2026-01-13 15:49:55.703000000
57342,31,1,"",2025-10-27 12:06:20.173000000
57356,14,1,"<p>No modifiers applicable for <em><strong>ICD-10 Codes that Support Medical Necessity Group 1: Codes.</strong></em></p>",2025-10-14 13:00:34.383000000
57356,14,2,"<p>N/A</p>",2025-10-14 13:00:34.383000000
57361,46,1,"<p>The procedures listed above represent commonly used anesthesia codes that may involve MAC. When these codes are used and MAC has been provided, the QS modifier must be used.</p>",2026-01-23 14:09:14.763000000
57363,14,1,"<p>N/A</p>",2026-01-12 13:44:33
57372,17,1,"<p>N/A</p>",2023-11-22 18:30:46.657000000
57384,47,1,"<p>N/A</p>",2025-11-07 13:03:22.133000000
57385,43,1,"<p>N/A</p>",2025-11-07 13:04:16.603000000
57386,21,1,"",2025-09-19 17:04:13.473000000
57414,30,1,"",2025-09-26 13:59:14.437000000
57419,16,1,"<p>N/A</p>",2026-01-12 13:44:33.550000000
57420,14,1,"<p>N/A</p>",2026-01-22 06:07:25.263000000
57423,16,1,"",2026-01-12 13:44:33.707000000
57427,10,1,"",2024-09-18 18:25:56.057000000
57428,9,1,"",2025-12-22 18:30:26.757000000
57431,13,1,"",2025-12-22 18:22:00.480000000
57432,12,1,"<p>N/A</p>",2026-01-12 13:44:34.027000000
57433,13,1,"<p>N/A</p>",2026-01-22 06:07:29.853000000
57434,35,1,"",2025-09-26 17:30:19.887000000
57435,25,1,"",2026-01-08 12:40:01.270000000
57441,8,1,"",2026-01-12 13:44:33.843000000
57449,24,1,"",2025-09-26 17:31:39.983000000
57450,14,1,"",2025-09-26 17:32:23.220000000
57451,38,1,"",2024-01-19 13:06:50.440000000
57452,45,1,"",2025-09-17 16:38:44.440000000
57453,4,1,"",2019-10-18 14:26:48.543000000
57455,23,1,"",2025-09-17 20:31:54.210000000
57473,33,1,"<p>N/A</p>",2025-09-18 19:06:22.043000000
57474,33,1,"",2025-09-17 17:39:35.350000000
57476,22,1,"<p>N/A</p>",2025-08-22 17:27:55.943000000
57477,12,1,"",2024-10-22 12:33:24.583000000
57478,40,1,"",2025-09-16 18:52:15.140000000
57479,18,1,"<p>N/A</p>",2026-01-22 18:00:56.710000000
57480,31,1,"",2026-01-22 20:20:20.670000000
57481,12,1,"<p>N/A</p>",2024-10-22 12:54:40.783000000
57482,23,1,"<p>N/A</p>",2026-01-22 19:45:17.787000000
57483,28,1,"<p>N/A</p>",2025-09-18 17:17:08.333000000
57484,21,1,"<p>N/A</p>",2024-10-22 11:57:12.260000000
57486,9,1,"",2023-11-22 17:29:47.813000000
57487,9,1,"",2023-11-22 17:30:06.850000000
57496,14,1,"",2024-05-10 11:50:10.190000000
57497,15,1,"<p>N/A</p>",2025-10-27 12:06:19.960000000
57503,17,1,"",2022-03-24 15:26:39.763000000
57512,19,1,"<p>N/A</p>",2025-09-04 19:01:26.460000000
57515,12,1,"<p>N/A</p>",2025-10-14 13:00:49.937000000
57516,11,1,"<p>N/A</p>",2025-09-19 18:49:51.123000000
57517,12,1,"<p>N/A</p>",2025-09-19 18:51:28.663000000
57520,43,1,"",2025-01-24 13:57:27.373000000
57526,87,1,"<p>N/A</p>",2026-01-13 15:25:29.893000000
57527,83,1,"<p>N/A</p>",2026-01-13 15:27:46.127000000
57528,4,1,"",2019-10-18 14:20:26.667000000
57531,60,1,"",2025-11-26 13:36:14.840000000
57540,15,1,"",2025-09-26 17:40:20.533000000
57551,14,1,"<p>N/A</p>",2025-12-23 13:54:28.483000000
57552,19,1,"<p>N/A</p>",2025-10-22 15:27:02.663000000
57554,38,1,"<p>N/A</p>",2025-10-22 14:53:05.797000000
57558,11,1,"<p>No modifiers applicable for ICD-10 Codes that Support Medical Necessity Group 1: Codes.</p>",2023-03-22 14:33:54.527000000
57558,11,2,"<p>N/A</p>",2023-03-22 14:33:54.530000000
57559,20,1,"<p>N/A</p>",2025-09-17 15:54:44.950000000
57560,10,1,"<p>N/A</p>",2025-04-25 19:15:08.457000000
57566,11,1,"<p>N/A</p>",2024-06-18 13:24:59.210000000
57567,14,1,"<p>N/A</p>",2025-04-25 19:30:21.583000000
57568,11,1,"<p>N/A</p>",2023-04-21 17:50:40.300000000
57571,9,1,"<p>N/A</p>",2024-11-20 14:19:23.210000000
57575,9,1,"<p>N/A</p>",2025-06-18 17:36:04.453000000
57576,11,1,"<p>N/A</p>",2023-05-23 15:15:22.117000000
57577,7,1,"<p>N/A</p>",2023-08-23 16:56:04.897000000
57581,7,1,"<p>N/A</p>",2023-07-19 16:36:05.580000000
57583,9,1,"",2025-10-22 17:06:40.343000000
57587,9,1,"<p>N/A</p>",2023-12-20 14:49:27.557000000
57588,11,1,"<p>N/A</p>",2025-10-22 17:47:44.620000000
57589,16,1,"<p>N/A</p>",2023-11-20 15:53:29.740000000
57590,15,1,"<p>N/A</p>",2026-01-22 18:52:00.473000000
57591,21,1,"<p>N/A</p>",2025-09-18 17:50:43.030000000
57592,17,1,"",2025-01-21 15:38:14.683000000
57593,17,1,"<p>N/A</p>",2025-09-18 19:39:59.460000000
57594,22,1,"<p>N/A</p>",2025-12-23 20:45:44.907000000
57595,19,1,"<p>N/A</p>",2026-01-22 20:00:51.790000000
57596,19,1,"",2026-01-22 19:54:44.223000000
57597,22,1,"<p>N/A</p>",2025-09-16 19:10:40.173000000
57598,9,1,"",2024-04-16 14:29:45.670000000
57599,14,1,"<p>N/A</p>",2025-09-18 18:43:31.513000000
57600,34,1,"",2025-09-26 14:00:00.690000000
57604,16,1,"",2024-01-23 16:48:24.857000000
57607,15,1,"<p>N/A</p>",2026-01-12 13:44:33.490000000
57611,16,1,"<p>N/A</p>",2025-09-09 16:37:28.820000000
57612,8,1,"<p>N/A</p>",2025-10-06 18:48:49.020000000
57614,15,1,"<p>N/A</p>",2025-09-09 16:38:35.700000000
57615,6,1,"<p>N/A</p>",2025-10-06 18:48:51.657000000
57618,24,1,"<p>N/A</p>",2025-01-24 13:58:14.943000000
57619,7,1,"<p>N/A</p>",2023-11-22 17:32:05.090000000
57620,7,1,"<p>N/A</p>",2023-11-22 17:32:39.247000000
57621,17,1,"<p>N/A</p>",2026-01-12 13:44:33.410000000
57622,16,1,"<p>N/A</p>",2026-01-22 06:07:30.040000000
57630,11,1,"<p>N/A</p>",2024-07-24 17:29:22.327000000
57633,8,1,"",2025-01-24 17:53:14.150000000
57636,24,1,"",2025-09-26 14:08:29.307000000
57637,20,1,"",2025-09-26 17:41:11.410000000
57638,7,1,"",2024-01-19 13:57:49.677000000
57643,20,1,"<p>N/A</p>",2025-09-04 19:00:33.087000000
57647,17,1,"<p>N/A</p>",2023-07-07 12:25:58.207000000
57649,9,1,"",2023-10-20 12:29:56.947000000
57651,5,1,"",2019-11-21 21:53:25.427000000
57657,25,1,"",2024-10-18 14:00:59.777000000
57660,6,1,"",2019-11-22 23:00:14.730000000
57661,17,1,"<p>N/A</p>",2025-10-14 13:00:42.120000000
57663,13,1,"",2025-04-30 17:04:17.710000000
57664,11,1,"<p>N/A</p>",2026-01-12 13:44:33.903000000
57666,36,1,"",2026-01-23 14:12:38.983000000
57667,10,1,"",2020-09-25 15:39:19.040000000
57668,44,1,"",2025-09-17 16:28:28.123000000
57669,10,1,"",2025-09-26 14:09:18.750000000
57670,5,1,"",2019-11-21 22:22:48.490000000
57672,6,1,"",2019-11-22 23:07:18.190000000
57677,14,1,"",2024-10-18 12:55:41.080000000
57678,11,1,"",2025-09-26 14:05:18.613000000
57680,9,1,"",2026-01-23 13:41:12.370000000
57682,6,1,"",2020-09-25 15:55:53.680000000
57683,11,1,"<p>N/A</p>",2025-10-27 12:06:24.200000000
57685,15,1,"",2025-12-23 00:27:27.400000000
57689,44,1,"<p>N/A</p>",2025-10-27 12:06:23.003000000
57692,11,1,"<p>N/A</p>",2025-08-06 17:50:57.530000000
57697,16,1,"<p>N/A</p>",2025-09-04 19:02:55.617000000
57701,30,1,"<p>N/A</p>",2025-12-22 16:36:18.277000000
57706,14,1,"<p>N/A</p>",2025-10-06 18:48:51.783000000
57715,55,1,"<p>N/A</p>",2025-12-05 14:36:30.310000000
57718,20,1,"<p>N/A</p>",2025-08-06 17:50:58.423000000
57726,7,1,"",2023-10-13 11:44:21.230000000
57733,10,1,"<p>N/A</p>",2024-05-21 12:56:15.660000000
57736,17,1,"",2024-09-20 19:59:50.387000000
57751,23,1,"",2026-01-23 13:50:27.847000000
57752,18,1,"<p>N/A</p>",2022-02-11 14:12:32.773000000
57753,12,1,"",2022-01-14 13:53:24.677000000
57755,18,1,"",2024-03-27 14:37:53.070000000
57759,35,1,"<p style=""line-height: normal;"">One of the modifiers listed below must be reported with codes 11055, 11056, 11057, 11719, G0127, and with codes 11720 and 11721 when the coverage is based on the presence of a qualifying systemic condition. If the patient has evidence of neuropathy, but no vascular impairment, class findings modifiers are not required:</p>
<p>Modifier Q7: One (1) Class A finding Modifier Q8: Two (2) Class B findings Modifier Q9: One (1) Class B finding and two (2) Class C findings.</p>",2025-09-17 20:26:53.893000000
57765,24,1,"",2026-01-23 13:53:34.173000000
57767,12,1,"",2024-03-01 14:34:11.743000000
57772,76,1,"",2026-01-22 15:07:22.363000000
57773,17,1,"<p>N/A</p>",2026-01-12 13:44:33.287000000
57774,15,1,"<p>N/A</p>",2026-01-22 06:07:30.190000000
57778,48,1,"",2026-01-23 13:43:21.257000000
57779,8,1,"",2025-01-24 17:40:08.193000000
57780,27,1,"",2025-09-26 14:09:56.013000000
57787,45,1,"<p>N/A</p>",2024-09-13 13:22:19.367000000
57788,41,1,"",2025-12-12 20:04:07.280000000
57791,12,1,"",2025-10-06 18:48:51.580000000
57804,41,1,"",2025-09-26 14:07:50.983000000
57813,8,1,"",2022-01-18 13:52:52.223000000
57826,33,1,"<p>N/A</p>",2024-12-19 12:38:02.267000000
57831,28,1,"",2025-03-28 13:01:28.477000000
57837,28,1,"",2026-01-13 14:20:51.867000000
57839,14,1,"",2025-04-04 13:39:26.553000000
57842,10,1,"<p>N/A</p>",2024-03-28 12:06:22.300000000
57843,10,1,"<p>N/A</p>",2024-03-28 12:07:45.107000000
57848,19,1,"",2025-09-23 11:39:33.707000000
57851,8,1,"<p>N/A</p>",2023-09-19 14:19:23.897000000
57858,29,1,"<p>N/A</p>",2025-04-23 19:02:34.320000000
57863,37,1,"<p>N/A</p>",2025-10-14 13:00:42.317000000
57867,33,1,"",2025-06-30 13:11:56.430000000
57868,4,1,"",2021-12-13 14:12:17.447000000
57870,26,1,"<p>N/A</p>",2025-04-09 11:07:13.217000000
57872,10,1,"",2022-02-11 14:13:27.780000000
57873,27,1,"<p>N/A</p>",2025-11-14 13:11:31.217000000
57878,23,1,"",2026-01-22 15:15:56.647000000
57880,13,1,"",2025-12-11 13:59:03.503000000
57884,10,1,"",2025-04-04 13:40:37.370000000
57891,36,1,"<p>N/A</p>",2026-01-23 14:44:53.607000000
57892,36,1,"<p>N/A</p>",2026-01-23 14:45:40.850000000
57901,24,1,"<p>N/A</p>",2025-03-28 12:34:23.800000000
57905,26,1,"<p>N/A</p>",2025-03-28 12:35:04.303000000
57910,14,1,"",2023-11-15 12:29:13.880000000
57913,11,1,"",2025-09-16 17:35:55.087000000
57915,10,1,"",2025-05-13 19:15:55.567000000
57917,29,1,"",2025-05-09 16:10:19.200000000
57926,22,1,"",2025-12-26 14:18:42.400000000
57936,33,1,"<p>N/A</p>",2025-07-23 19:23:13.117000000
57944,21,1,"<p>N/A</p>",2025-12-24 20:15:19.970000000
57948,28,1,"<p>N/A</p>",2025-12-29 18:08:39.740000000
57954,73,1,"<p align=""LEFT"">For purposes of applying presumption of coverage, when the evidence available discloses certain physical and/or clinical findings consistent with the diagnosis and indicative of severe peripheral involvement, the following findings are pertinent:</p>
<ul>
<li>Class A Findings:
<ul>
<li>Nontraumatic amputation of foot or integral skeletal portion thereof.</li>
</ul>
</li>
<li>Class B Findings:
<ul>
<li>Absent posterior tibial pulse;</li>
<li>Advanced trophic changes as: hair growth (decrease or absence) nail changes (thickening) pigmentary changes (discoloration) skin texture (thin, shiny) skin color (rubor or redness) (three required); and</li>
<li>Absent dorsalis pedis pulse.</li>
</ul>
</li>
<li>Class C Findings:
<ul>
<li>Claudication;</li>
<li>Temperature changes (e.g., cold feet);</li>
<li>Edema;</li>
<li>Paresthesias (abnormal spontaneous sensations in the feet); and</li>
<li>Burning.</li>
</ul>
</li>
</ul>
<p align=""LEFT"">The presumption of coverage may be applied when the physician rendering the routine foot care has identified the following by using the modifiers below:</p>
<ol>
<li>A Class A finding (Q7);</li>
<li>Two of the Class B findings (Q8); or</li>
<li>One Class B and two Class C findings (Q9).</li>
</ol>
<p>&nbsp;</p>",2025-11-10 19:27:28.080000000
57970,12,1,"<p>N/A</p>",2023-11-22 16:38:16.177000000
57972,10,1,"<p>N/A</p>",2023-11-22 16:38:48.087000000
57983,6,1,"<p>N/A</p>",2023-12-20 16:25:11.817000000
57994,6,1,"",2023-11-16 15:57:43.320000000
58000,4,1,"<p>N/A</p>",2020-08-18 15:46:41
58008,19,1,"",2025-10-24 13:15:13.983000000
58017,50,1,"",2026-01-12 15:46:00.230000000
58019,45,1,"",2026-01-12 15:40:43.727000000
58021,11,1,"",2022-05-26 13:29:56.877000000
58028,23,1,"<p>N/A</p>",2024-01-08 14:34:44.323000000
58031,11,1,"",2022-02-18 13:49:44.750000000
58038,10,1,"",2023-11-10 16:33:21.937000000
58052,8,1,"<p>N/A</p>",2025-09-19 18:56:20.747000000
58053,7,1,"<p>N/A</p>",2023-11-22 18:26:29.510000000
58061,28,1,"",2025-06-26 13:39:42.990000000
58063,11,1,"",2023-11-10 16:27:40.793000000
58065,19,1,"",2024-01-08 17:49:55.680000000
58075,19,1,"",2025-12-22 16:05:32.347000000
58095,15,1,"<p>N/A</p>",2025-10-29 12:06:21.110000000
58097,16,1,"<p>N/A</p>",2025-10-29 12:07:23.440000000
58110,22,1,"<p>N/A</p>",2025-04-11 13:05:43.103000000
58116,28,1,"",2025-03-18 17:24:36.773000000
58120,16,1,"<p>N/A</p>",2023-11-22 18:58:03.203000000
58121,15,1,"<p>N/A</p>",2023-11-22 18:58:22.270000000
58127,19,1,"<p>N/A</p>",2025-09-30 23:50:43.973000000
58133,23,1,"",2025-10-14 13:00:35.403000000
58136,22,1,"<p>N/A</p>",2025-04-11 13:06:38.360000000
58152,9,1,"",2025-12-22 14:03:57.690000000
58168,33,1,"<p>N/A</p>",2026-01-13 15:44:01.650000000
58170,33,1,"<p>N/A</p>",2026-01-13 15:44:31.633000000
58181,23,1,"<p>N/A</p>",2024-01-08 13:56:07.157000000
58183,18,1,"<p>N/A</p>",2025-09-22 13:19:13.393000000
58185,18,1,"<p>N/A</p>",2025-09-22 13:20:49.273000000
58187,24,1,"<p>N/A</p>",2024-01-08 13:56:45.473000000
58205,11,1,"<p>N/A</p>",2024-06-18 13:55:31.100000000
58207,34,1,"<p>N/A</p>",2026-01-22 15:22:01.583000000
58209,9,1,"<p><strong>N/A</strong></p>",2026-01-22 20:04:10.977000000
58211,24,1,"",2025-12-11 14:58:17.443000000
58213,16,1,"",2025-04-22 17:24:50.383000000
58218,17,1,"",2025-12-26 23:52:21.793000000
58223,17,1,"",2026-01-09 15:51:35.303000000
58227,19,1,"",2026-01-20 13:42:06.640000000
58229,17,1,"",2026-01-20 13:42:39.880000000
58243,7,1,"",2026-01-23 13:54:24.770000000
58250,19,1,"",2026-01-23 14:14:12.673000000
58264,8,1,"",2026-01-23 13:55:23.343000000
58275,9,1,"<p>N/A</p>",2022-07-01 17:29:40.320000000
58277,13,1,"<p>N/A</p>",2025-04-09 14:29:57.053000000
58282,8,1,"",2023-06-19 19:26:36.040000000
58287,5,1,"",2021-12-29 15:47:22.200000000
58294,7,1,"",2021-12-15 19:29:27.567000000
58308,18,1,"<p>N/A</p>",2024-09-04 13:37:23.327000000
58318,60,1,"<p>N/A</p>",2025-11-03 13:44:29.153000000
58321,7,1,"",2021-12-21 15:13:33.267000000
58323,12,1,"",2025-09-16 16:00:13.417000000
58324,35,1,"<p>N/A</p>",2025-11-03 14:14:04.733000000
58343,11,1,"",2022-01-28 16:21:56.970000000
58350,22,1,"",2024-12-18 18:34:42.660000000
58354,10,1,"",2024-04-12 13:41:52.630000000
58359,13,1,"",2025-08-29 16:26:45.290000000
58362,10,1,"<p>N/A</p>",2023-11-08 14:12:36.557000000
58364,32,1,"<p>N/A</p>",2025-01-14 18:02:18.683000000
58367,6,1,"",2021-12-28 21:23:47.780000000
58371,12,1,"",2023-12-13 11:56:18.853000000
58376,59,1,"",2026-01-20 13:32:35.970000000
58392,13,1,"",2024-12-17 19:38:02.780000000
58395,40,1,"<p>N/A</p>",2026-01-22 15:27:21.517000000
58403,24,1,"",2024-12-20 18:38:13.650000000
58405,21,1,"",2024-12-20 18:40:03.447000000
58406,26,1,"",2026-01-20 13:09:53.693000000
58410,9,1,"",2022-01-14 13:55:22.230000000
58414,11,1,"",2022-01-14 13:47:59.607000000
58423,48,1,"<p>N/A</p>",2025-12-05 14:35:37.487000000
58428,24,1,"",2025-09-26 14:01:04.310000000
58434,32,1,"",2026-01-20 13:31:46.167000000
58436,13,1,"",2025-09-04 18:54:29.843000000
58454,42,1,"<p>N/A</p>",2026-01-20 13:49:21.140000000
58456,41,1,"<p>N/A</p>",2026-01-20 13:51:32.123000000
58468,34,1,"",2026-01-22 15:40:02.330000000
58471,10,1,"",2023-02-15 13:42:16.477000000
58473,10,1,"",2024-06-18 13:01:15.023000000
58477,19,1,"",2024-12-18 15:39:42.527000000
58503,12,1,"",2023-08-22 15:20:42.787000000
58559,30,1,"",2025-01-14 15:14:36.050000000
58565,43,1,"<p>When addressing a specific toe(s) or finger(s) use the respective CPT&#174; HCPCS Level II modifier to identify them on the claim. Other modifiers listed below may include (but are not to be used alone when a more specific modifier is needed to clarify the procedure).</p>",2026-01-23 13:29:58.943000000
58573,10,1,"",2025-01-24 17:37:17.060000000
58575,38,1,"<p>N/A</p>",2026-01-23 14:10:48.887000000
58577,33,1,"<p>N/A</p>",2026-01-23 14:18:05.350000000
58578,11,1,"",2025-09-23 11:39:33.630000000
58582,17,1,"",2025-09-18 19:38:11.920000000
58592,19,1,"",2025-09-26 14:06:34.087000000
58609,6,1,"",2021-11-19 18:19:05.340000000
58641,4,1,"",2021-02-10 21:01:14.087000000
58649,8,1,"",2025-04-21 16:47:21.577000000
58652,27,1,"<p>N/A</p>",2026-01-23 15:37:49.367000000
58652,27,2,"<p>N/A</p>",2026-01-23 15:37:49.383000000
58652,27,3,"<p>N/A</p>",2026-01-23 15:37:49.407000000
58656,8,1,"",2024-06-14 17:28:43.390000000
58664,9,1,"",2024-04-04 12:36:19.833000000
58679,31,1,"<p>N/A</p>",2026-01-23 14:53:43.117000000
58681,28,1,"<p>N/A</p>",2026-01-23 14:54:26.070000000
58695,11,1,"<p>N/A</p>
<p>&nbsp;</p>",2025-01-13 16:08:10.753000000
58700,14,1,"<p>N/A</p>",2025-01-17 14:17:20.530000000
58700,14,2,"<p>N/A</p>",2025-01-17 14:17:20.537000000
58706,12,1,"",2023-11-08 14:53:39.943000000
58710,85,1,"",2026-01-13 14:19:16.620000000
58710,85,2,"",2026-01-13 14:19:16.650000000
58710,85,3,"",2026-01-13 14:19:16.660000000
58710,85,4,"",2026-01-13 14:19:16.680000000
58710,85,5,"",2026-01-13 14:19:16.703000000
58710,85,6,"",2026-01-13 14:19:16.730000000
58710,85,7,"",2026-01-13 14:19:16.753000000
58710,85,8,"",2026-01-13 14:19:16.780000000
58710,85,9,"",2026-01-13 14:19:16.803000000
58710,85,10,"",2026-01-13 14:19:16.830000000
58710,85,11,"",2026-01-13 14:19:16.843000000
58710,85,12,"",2026-01-13 14:19:16.863000000
58713,10,1,"<p>N/A</p>",2025-02-06 20:19:12.537000000
58718,14,1,"<p>N/A</p>",2026-01-12 13:44:34.360000000
58720,82,1,"<p>N/A</p>",2026-01-13 15:55:19.417000000
58720,82,2,"<p>N/A</p>",2026-01-13 15:55:19.427000000
58720,82,3,"<p>N/A</p>",2026-01-13 15:55:19.430000000
58720,82,4,"<p>N/A</p>",2026-01-13 15:55:19.440000000
58720,82,5,"<p>N/A</p>",2026-01-13 15:55:19.447000000
58720,82,6,"<p>N/A</p>",2026-01-13 15:55:19.453000000
58720,82,7,"<p>N/A</p>",2026-01-13 15:55:19.460000000
58720,82,8,"<p>N/A</p>",2026-01-13 15:55:19.467000000
58720,82,9,"<p>N/A</p>",2026-01-13 15:55:19.473000000
58720,82,10,"<p>N/A</p>",2026-01-13 15:55:19.480000000
58720,82,11,"<p>N/A</p>",2026-01-13 15:55:19.487000000
58720,82,12,"<p>N/A</p>",2026-01-13 15:55:19.493000000
58726,80,1,"<p>N/A</p>",2026-01-13 15:56:34.193000000
58726,80,2,"<p>N/A</p>",2026-01-13 15:56:34.200000000
58726,80,3,"<p>N/A</p>",2026-01-13 15:56:34.207000000
58726,80,4,"<p>N/A</p>",2026-01-13 15:56:34.213000000
58726,80,5,"<p>N/A</p>",2026-01-13 15:56:34.220000000
58726,80,6,"<p>N/A</p>",2026-01-13 15:56:34.223000000
58726,80,7,"<p>N/A</p>",2026-01-13 15:56:34.230000000
58726,80,8,"<p>N/A</p>",2026-01-13 15:56:34.237000000
58726,80,9,"<p>N/A</p>",2026-01-13 15:56:34.243000000
58726,80,10,"<p>N/A</p>",2026-01-13 15:56:34.250000000
58726,80,11,"<p>N/A</p>",2026-01-13 15:56:34.257000000
58726,80,12,"<p>N/A</p>",2026-01-13 15:56:34.263000000
58731,16,1,"",2025-03-06 18:09:52.503000000
58734,18,1,"<p>N/A</p>",2025-09-19 18:10:30.673000000
58737,10,1,"",2023-11-15 12:45:38.993000000
58741,17,1,"<p>N/A</p>",2025-07-24 14:54:38.420000000
58745,20,1,"",2025-03-14 19:03:49.870000000
58747,56,1,"",2025-09-03 19:07:40.157000000
58747,56,2,"",2025-09-03 19:07:40.173000000
58747,56,3,"",2025-09-03 19:07:40.180000000
58747,56,4,"",2025-09-03 19:07:40.190000000
58747,56,5,"",2025-09-03 19:07:40.197000000
58747,56,6,"",2025-09-03 19:07:40.203000000
58747,56,7,"",2025-09-03 19:07:40.210000000
58747,56,8,"",2025-09-03 19:07:40.220000000
58747,56,9,"",2025-09-03 19:07:40.227000000
58747,56,10,"",2025-09-03 19:07:40.237000000
58747,56,11,"",2025-09-03 19:07:40.243000000
58747,56,12,"",2025-09-03 19:07:40.260000000
58756,24,1,"<p>N/A</p>",2026-01-22 16:01:05.700000000
58756,24,2,"<p>N/A</p>",2026-01-22 16:01:05.730000000
58756,24,3,"<p>N/A</p>",2026-01-22 16:01:05.773000000
58759,11,1,"",2025-01-24 18:46:47.250000000
58761,64,1,"<p>N/A</p>",2026-01-22 16:17:14.513000000
58761,64,2,"<p>N/A</p>",2026-01-22 16:17:14.603000000
58761,64,3,"<p>N/A</p>",2026-01-22 16:17:14.677000000
58761,64,4,"<p>N/A</p>",2026-01-22 16:17:14.727000000
58761,64,5,"<p>N/A</p>",2026-01-22 16:17:14.787000000
58761,64,6,"<p>N/A</p>",2026-01-22 16:17:14.847000000
58761,64,7,"<p>N/A</p>",2026-01-22 16:17:14.930000000
58761,64,8,"<p>N/A</p>",2026-01-22 16:17:14.983000000
58761,64,9,"<p>N/A</p>",2026-01-22 16:17:15.050000000
58761,64,10,"<p>N/A</p>",2026-01-22 16:17:15.100000000
58761,64,11,"<p>N/A</p>",2026-01-22 16:17:15.150000000
58761,64,12,"<p>N/A</p>",2026-01-22 16:17:15.220000000
58774,22,1,"<p>N/A</p>",2026-01-22 19:58:08.937000000
58777,11,1,"",2023-11-20 16:38:02.953000000
58788,16,1,"",2025-09-04 19:02:12.973000000
58795,15,1,"",2025-01-24 17:57:05.387000000
58797,15,1,"",2025-01-24 17:58:11.547000000
58801,80,1,"",2026-01-23 13:56:30.947000000
58808,12,1,"<p>N/A</p>",2023-07-14 11:34:24.387000000
58810,11,1,"<p>N/A</p>",2023-07-14 11:34:57.573000000
58812,76,1,"",2026-01-23 13:57:19.260000000
58814,11,1,"<p>75580</p>",2023-12-20 16:00:55.043000000
58817,6,1,"",2023-11-07 16:43:54.333000000
58821,7,1,"<p><span style=""background: white; line-height: 115%;"">Modifier - KX must be used as an attestation by the practitioner and/or provider of the service that documentation is on file verifying the patient has sufficiently symptomatic HF and electrocardiographic evidence of dyssynchrony or sufficiently symptomatic HF with an EF &lt; 50% and a need for frequent </span><span style=""background: white; line-height: 115%;"">RV pacing. </span></p>
<p><span style=""line-height: 115%;""> </span></p>
<p><span style=""background: white; line-height: 115%;"">For medically necessary CRT in conditions not addressed by this article, use modifier - SC.</span></p>
<p><span style=""background: white; line-height: 115%;"">Modifier &ndash; GA should be used when the provider wants to indicate that he/she anticipates that Medicare will deny a specific service as not reasonable and necessary, an Advanced </span><span style=""background: white; line-height: 115%;"">Beneficiary Notice (ABN) Form CMS-R-131 has been signed by the beneficiary and is on file. Modifier &ndash; GA may also be used on assigned claims when a patient refuses to sign the ABN and the latter is properly witnessed. For claims submitted to the Part A MAC, occurrence code 32 and the date of the ABN are required.</span><span style=""line-height: 115%;""><br /><br /><span style=""background: white;"">Modifier &ndash; GZ should be used when the provider wants to indicate that it is expected that Medicare will deny the specific services as not reasonable and necessary and the beneficiary was not asked to sign an ABN.</span><br /><br /><span style=""background: white;"">Claims for pacemaker claims that do not meet the criteria for modifier &ndash; KX or &ndash; SC should have modifier &ndash; GA or &ndash; GZ appended depending on the ABN status and will be denied.</span></span></p>",2022-03-09 15:36:34.317000000
58828,12,1,"",2025-06-12 16:53:08.903000000
58865,24,1,"<p>N/A</p>",2025-10-14 13:00:34.253000000
58872,6,1,"",2025-09-26 14:02:42.330000000
58873,7,1,"",2025-09-26 14:13:24.857000000
58876,8,1,"<p>N/A</p>",2024-12-18 13:35:33.700000000
58883,6,1,"",2023-03-08 14:23:30.533000000
58893,18,1,"<p>N/A</p>",2025-09-17 20:36:24.740000000
58917,90,1,"",2026-01-23 13:58:30.880000000
58918,83,1,"",2026-01-23 13:59:34.343000000
58921,10,1,"",2024-10-21 10:27:51.150000000
58963,10,1,"",2025-07-16 15:41:28.700000000
58973,26,1,"<p>N/A</p>",2025-09-19 19:14:49.347000000
58975,26,1,"<p>N/A</p>",2025-09-19 19:15:38.910000000
58982,19,1,"",2025-04-10 12:56:51.380000000
58988,24,1,"",2025-04-15 11:39:43.413000000
58993,16,1,"",2025-09-04 18:56:44.287000000
58996,30,1,"<p>N/A</p>",2025-04-15 12:37:28.660000000
58997,28,1,"",2025-04-15 12:39:45.307000000
58998,19,1,"",2025-04-14 12:10:35.977000000
59004,20,1,"",2025-04-25 17:04:30.980000000
59015,3,1,"",2023-03-24 13:40:24.870000000
59028,8,1,"<p><span style=""line-height: 115%;"">For reimbursement to be considered, claims must include the nail on which the procedure is performed using 1 of the modifiers listed below to identify the digit.</span></p>",2023-12-13 00:31:33.617000000
59030,9,1,"",2024-07-29 13:32:59.443000000
59032,7,1,"<p>N/A</p>",2026-01-12 13:44:34.413000000
59036,20,1,"<p><span style=""line-height: 115%;"">The following modifier would need to be appropriately utilized if the AWV and Cognitive Assessment and Care plan services are done at the same visit </span><span style=""line-height: 115%;"">and would only be appropriate for a truly separate and fully complete provision of the 99483 service above and beyond all the AWV components.</span></p>",2025-12-08 14:51:21.627000000
59040,12,1,"",2024-12-23 16:53:11.340000000
59042,13,1,"",2024-08-08 18:09:07.980000000
59049,16,1,"",2023-11-22 12:43:44.167000000
59051,6,1,"",2025-02-06 19:17:00.333000000
59055,14,1,"<p>N/A</p>",2025-12-23 17:47:23.773000000
59066,10,1,"",2025-10-31 21:06:19.183000000
59101,27,1,"",2025-09-17 14:19:28.873000000
59105,33,1,"<p>N/A</p>",2025-12-22 14:19:52.277000000
59109,7,1,"",2023-10-03 12:37:44.770000000
59121,3,1,"",2023-03-22 12:01:22.940000000
59123,28,1,"",2025-01-03 19:42:36.283000000
59125,38,1,"",2025-01-03 19:41:28.903000000
59154,12,1,"",2025-03-18 17:11:38.337000000
59158,9,1,"",2024-01-02 22:06:16.557000000
59160,13,1,"<p><span style=""background: white;"">These modifiers are applicable to all codes listed in CPT/HCPCS Codes Groups 1-7.</span></p>",2025-08-14 18:05:46.737000000
59163,6,1,"",2023-11-15 12:05:01.403000000
59170,5,1,"",2023-08-22 19:03:44.770000000
59175,10,1,"",2024-09-25 13:10:29.630000000
59177,11,1,"",2024-09-25 13:11:35.830000000
59179,10,1,"<p>N/A</p>",2026-01-12 13:44:34.087000000
59186,22,1,"",2025-08-25 19:38:59.300000000
59192,15,1,"",2024-11-08 16:43:50.010000000
59205,3,1,"",2023-01-13 14:25:21.643000000
59215,8,1,"",2025-02-25 17:09:51.810000000
59233,18,1,"",2024-05-20 11:58:35.690000000
59244,17,1,"<p>N/A</p>",2024-05-31 17:09:36.807000000
59246,17,1,"<p>N/A</p>",2024-05-31 17:13:45.113000000
59254,3,1,"",2022-09-20 12:24:34.207000000
59257,11,1,"",2024-12-18 15:04:20.317000000
59259,8,1,"",2024-11-20 13:59:46.553000000
59261,7,1,"<p>N/A</p>",2025-09-17 17:20:52.903000000
59268,27,1,"",2025-01-24 14:03:22.820000000
59270,26,1,"",2025-01-24 14:03:59.237000000
59295,6,1,"",2025-04-16 19:11:30.930000000
59299,12,1,"",2025-12-01 15:23:23.657000000
59311,9,1,"",2024-09-18 12:58:17.470000000
59318,12,1,"",2023-11-15 12:43:56.860000000
59323,4,1,"",2024-12-03 17:14:53.743000000
59332,11,1,"",2024-11-07 20:30:25.313000000
59350,19,1,"<p>N/A</p>",2025-08-13 19:10:57.407000000
59371,4,1,"",2025-08-20 14:28:20.630000000
59374,14,1,"",2025-09-18 20:03:02.383000000
59380,3,1,"<p>N/A</p>",2024-06-28 13:40:37.260000000
59382,4,1,"<p>N/A</p>",2024-06-28 11:41:21.433000000
59386,4,1,"<p>N/A</p>",2026-01-12 13:44:34.160000000
59401,4,1,"<p>N/A</p>",2026-01-22 06:07:30.443000000
59416,9,1,"<p>N/A</p>",2025-10-24 17:47:28.093000000
59423,3,1,"",2023-11-07 13:39:13.633000000
59429,3,1,"",2024-06-25 12:23:19.703000000
59434,19,1,"<p>N/A</p>",2025-09-16 17:56:25.763000000
59449,2,1,"",2023-06-01 15:03:46.597000000
59462,4,1,"",2024-08-01 12:59:19.270000000
59466,6,1,"",2023-12-11 04:44:05.133000000
59468,5,1,"",2023-12-11 04:50:00.460000000
59470,4,1,"",2024-06-07 12:15:47.500000000
59472,4,1,"",2024-08-01 13:59:00.243000000
59474,4,1,"",2025-05-13 19:14:46.270000000
59476,4,1,"",2024-08-02 14:22:52.293000000
59480,10,1,"",2025-09-18 19:56:26.297000000
59482,4,1,"",2025-06-11 12:11:53.100000000
59484,8,1,"",2025-01-02 16:02:05.223000000
59487,14,1,"",2025-12-22 18:24:59.623000000
59491,7,1,"",2023-07-21 14:46:30.857000000
59498,6,1,"",2025-08-20 17:42:34.133000000
59505,5,1,"<p>N/A</p>",2026-01-12 13:44:34.297000000
59507,5,1,"<p>N/A</p>",2026-01-22 06:07:30.523000000
59509,4,1,"<p>N/A</p>",2024-06-07 12:35:20.643000000
59511,4,1,"<p>N/A</p>",2024-06-07 12:38:07.420000000
59513,4,1,"<p>N/A</p>",2026-01-12 13:44:33.633000000
59515,4,1,"<p>N/A</p>",2026-01-22 06:07:52.863000000
59521,11,1,"",2026-01-12 13:44:34.247000000
59529,10,1,"",2025-08-01 00:24:30.960000000
59536,7,1,"",2025-01-23 20:22:48.890000000
59549,3,1,"",2024-07-24 13:43:50.423000000
59551,3,1,"",2024-07-24 13:55:15.877000000
59553,11,1,"",2026-01-22 20:10:15.837000000
59560,3,1,"",2024-06-05 12:00:51.263000000
59561,3,1,"",2023-09-19 20:27:06.120000000
59595,3,1,"",2024-06-03 11:31:32.470000000
59608,30,1,"",2025-03-03 16:55:24.370000000
59624,17,1,"",2025-09-04 18:53:04.090000000
59632,19,1,"",2025-01-17 17:37:03.020000000
59634,8,1,"",2025-01-13 15:19:21.937000000
59636,31,1,"",2026-01-12 15:44:39.443000000
59641,31,1,"<p>N/A</p>",2026-01-13 15:39:04.110000000
59642,31,1,"<p>N/A</p>",2026-01-13 15:39:43.700000000
59646,17,1,"",2026-01-12 13:15:38.027000000
59649,27,1,"<p>N/A</p>",2026-01-22 16:23:05.150000000
59654,4,1,"<p>N/A</p>",2024-05-21 14:17:38.887000000
59657,9,1,"",2025-09-16 14:35:04.143000000
59664,13,1,"",2025-01-24 14:21:06.867000000
59668,25,1,"",2025-01-17 15:11:30.777000000
59672,5,1,"",2024-12-23 14:10:47.170000000
59674,15,1,"",2025-01-17 15:12:15.540000000
59682,4,1,"",2024-12-27 21:50:19.290000000
59695,12,1,"",2025-12-23 11:46:35.397000000
59707,10,1,"",2026-01-16 12:14:13.110000000
59713,5,1,"",2024-05-20 14:00:20.610000000
59714,5,1,"",2025-12-29 15:34:24.320000000
59716,8,1,"",2026-01-05 14:14:54.877000000
59718,10,1,"",2026-01-20 13:10:48.170000000
59721,6,1,"",2026-01-16 14:27:39.507000000
59723,5,1,"",2024-11-01 18:01:18.177000000
59725,3,1,"",2024-05-23 12:18:31.410000000
59726,8,1,"",2026-01-23 19:05:54.260000000
59727,4,1,"<p>N/A</p>",2024-05-23 22:26:32.117000000
59728,4,1,"<p>N/A</p>",2024-05-23 22:28:12.390000000
59733,9,1,"",2025-12-22 18:33:07.430000000
59752,4,1,"",2025-09-16 14:35:04.500000000
59764,16,1,"",2026-01-23 14:18:48.983000000
59766,29,1,"",2026-01-23 14:11:37.897000000
59769,9,1,"",2025-12-23 12:01:46.863000000
59805,18,1,"<p>Please note that when selecting the appropriate codes for cataract surgery, always indicate laterality of the operated eye using HCPCS Level II modifier ""LT"" or ""RT,"" as appropriate. <br />Bilateral procedures should be indicated by the appropriate modifier for bilateral procedures (-50).</p>
<p><strong>Modifier &ndash;78</strong> <em>Unplanned return to the operating/procedure room by the same physician or other qualified health professional following initial procedure for a related procedure during the postoperative period.</em></p>
<p><strong>Modifier &ndash;79</strong> <em>Unrelated procedure or service by the same physician during the postoperative period.</em> The procedure could be unrelated because it is performed in the other eye. Or it could be a new problem, not related to the initial surgery of the same eye.</p>",2025-04-25 15:53:14.493000000
59807,5,1,"",2024-11-06 21:55:01.867000000
59808,2,1,"",2024-05-21 16:54:12.890000000
59809,3,1,"",2026-01-02 14:31:22.180000000
59811,5,1,"",2026-01-20 20:47:46.393000000
59813,6,1,"",2026-01-22 18:57:23.457000000
59819,18,1,"",2025-09-16 14:35:05.123000000
59826,2,1,"",2024-07-23 14:50:41.653000000
59827,7,1,"",2025-11-10 14:25:37.917000000
59834,4,1,"",2024-07-23 13:58:21.207000000
59835,7,1,"",2025-11-14 13:04:53.603000000
59836,4,1,"",2024-07-23 13:59:08.680000000
59837,7,1,"",2025-11-14 13:05:32.107000000
59846,2,1,"",2024-08-19 13:21:44.477000000
59847,8,1,"",2025-09-16 12:46:06.280000000
59848,3,1,"",2024-08-19 13:20:41.827000000
59849,8,1,"",2025-09-18 14:46:43.983000000
59859,3,1,"",2024-09-30 13:10:20.140000000
59860,5,1,"",2025-08-22 15:36:03.837000000
59861,3,1,"",2024-09-30 13:09:46.953000000
59862,7,1,"",2025-09-19 17:11:59.580000000
59863,3,1,"<p>N/A</p>",2024-07-11 16:08:52.443000000
59864,3,1,"<p>N/A</p>",2024-07-11 16:14:14.017000000
59866,3,1,"",2025-02-18 14:09:52.103000000
59867,3,1,"",2024-08-19 15:02:13.073000000
59868,8,1,"",2026-01-12 13:44:33.783000000
59869,3,1,"",2024-08-19 15:03:26.253000000
59871,3,1,"",2024-08-19 15:06:38.837000000
59872,8,1,"",2025-09-19 13:39:05.593000000
59873,3,1,"",2024-08-19 15:07:54.007000000
59874,8,1,"",2025-09-19 13:39:33.320000000
59878,4,1,"",2025-01-24 20:11:21.277000000
59880,3,1,"",2025-02-18 17:08:41.970000000
59882,6,1,"",2025-09-04 18:59:33.293000000
59892,2,1,"",2024-08-16 18:25:16.317000000
59898,2,1,"",2024-09-23 12:27:59.267000000
59905,2,1,"",2024-08-21 16:34:53.190000000
59906,6,1,"<p>N/A</p>",2025-10-22 15:46:02.277000000
59907,2,1,"",2024-08-21 16:38:29.800000000
59908,6,1,"<p>N/A</p>",2025-09-17 18:40:36.007000000
59915,26,1,"",2025-12-22 14:05:50.297000000
59918,3,1,"",2024-09-30 15:06:18.817000000
59919,5,1,"",2025-11-14 13:10:49.333000000
59933,9,1,"<p>N/A</p>",2024-10-04 15:29:35.927000000
59938,2,1,"",2024-10-03 12:09:37.117000000
59939,5,1,"",2025-11-18 17:41:35.423000000
59940,5,1,"<p>N/A</p>",2024-10-04 15:30:23.083000000
59956,3,1,"<p>N/A</p>",2025-01-31 15:29:26.380000000
59960,3,1,"",2025-01-31 15:27:56.180000000
59970,2,1,"",2025-01-31 15:28:41.360000000
59971,3,1,"",2025-09-05 14:00:09.333000000
59972,4,1,"",2025-02-07 16:23:56.030000000
59973,6,1,"",2025-09-04 14:32:13.743000000
59975,2,1,"",2025-01-31 12:31:31.217000000
59976,4,1,"",2025-10-27 12:06:19.830000000
59977,2,1,"",2025-01-31 12:32:04.450000000
59980,3,1,"",2025-01-31 12:20:36.007000000
59981,3,1,"",2025-09-03 10:53:52.297000000
60145,6,1,"",2025-07-09 12:21:59.677000000
60151,6,1,"<p>N/A</p>",2025-07-11 15:54:49.263000000
60154,6,1,"<p>N/A</p>",2025-07-11 15:55:34.840000000
60160,6,1,"",2025-07-10 11:35:33.750000000
60176,9,1,"<p>N/A</p>",2026-01-08 13:07:46.720000000
60177,5,1,"",2025-05-09 11:26:42.007000000
60178,3,1,"<p>N/A</p>",2025-05-06 21:48:45.010000000
60179,4,1,"<p>N/A</p>",2025-05-06 21:54:09.690000000
60180,4,1,"",2025-05-08 12:36:56.677000000
60181,8,1,"",2026-01-09 16:23:24.030000000
60182,2,1,"",2025-05-05 10:44:57.597000000
60184,3,1,"",2025-05-08 17:54:13.997000000
60185,7,1,"",2026-01-08 13:10:45.743000000
60186,3,1,"",2025-05-05 11:29:18.860000000
60187,3,1,"<p>N/A</p>",2025-05-05 11:07:12.240000000
60194,2,1,"",2025-05-06 15:04:53.310000000
60195,4,1,"",2025-05-22 20:22:10.480000000
60196,4,1,"",2025-05-22 20:22:41.960000000
60204,7,1,"",2025-08-18 13:50:43.887000000
60210,3,1,"",2025-05-08 20:58:52.597000000
60211,6,1,"",2026-01-09 20:59:26.017000000
60212,2,1,"",2025-05-07 16:57:58.687000000
60213,9,1,"<p>N/A</p>",2026-01-08 18:08:49.413000000
60214,4,1,"",2025-08-21 18:29:10.443000000
60216,4,1,"",2025-08-22 14:21:18.023000000
60221,3,1,"",2025-09-19 13:10:02.350000000
60234,3,1,"",2025-07-17 14:52:46.063000000
60235,3,1,"",2025-08-18 14:00:07.680000000
60238,3,1,"",2025-08-22 13:39:42.150000000
60240,3,1,"",2025-08-21 18:28:20.760000000
60244,2,1,"",2025-09-18 15:32:47.117000000
60245,3,1,"",2025-11-24 14:22:09.707000000
60246,3,1,"",2025-09-19 13:11:24.580000000
60249,5,1,"",2025-09-18 15:33:55.733000000
60250,6,1,"",2026-01-22 14:29:44.187000000
60255,5,1,"",2025-08-18 13:55:44.857000000
60271,2,1,"",2025-08-22 14:02:20.350000000
60273,2,1,"",2025-07-11 19:17:48.263000000
60275,2,1,"",2025-07-18 11:41:50.450000000
60276,3,1,"<p>N/A</p>",2025-09-03 17:34:46.773000000
60278,6,1,"",2025-09-19 13:32:09.780000000
60285,4,1,"<p>N/A</p>",2025-09-19 13:10:55.963000000
60291,2,1,"",2025-09-17 13:34:11.003000000
60293,3,1,"",2025-08-21 18:27:03.200000000
60295,3,1,"",2025-09-17 13:30:49.210000000
60297,3,1,"",2025-09-19 13:12:09.083000000
60299,3,1,"",2025-09-16 18:35:54.837000000
60301,3,1,"",2025-09-18 14:45:05.690000000
60304,3,1,"",2025-09-18 15:45:10.317000000
60305,2,1,"<p>N/A</p>",2025-08-19 14:40:00.100000000
60307,3,1,"<p>N/A</p>",2025-09-15 16:48:05.400000000
60309,3,1,"<p>N/A</p>",2025-09-15 17:12:37.363000000
60314,5,1,"<p>N/A</p>",2025-09-05 17:38:49.093000000
60317,4,1,"<p>N/A</p>",2025-09-05 17:42:48.627000000
60321,2,1,"<p>N/A</p>",2025-09-16 17:46:47.970000000
60323,3,1,"",2026-01-08 13:42:51.067000000
60325,2,1,"",2025-09-18 18:47:23.943000000
60360,4,1,"",2026-01-09 13:29:32.187000000
60374,4,1,"",2026-01-09 14:50:40.083000000
60376,3,1,"",2026-01-08 15:31:18.610000000
60380,5,1,"",2026-01-08 19:38:16.070000000
60390,3,1,"",2026-01-22 17:54:23.270000000
60393,2,1,"<p>N/A</p>",2026-01-22 19:04:57.253000000
60397,5,1,"",2026-01-16 23:44:17.260000000
