"article_id","article_version","last_updated","icd10_pcs_code_group","paragraph"
"52369","16","2025-12-22 15:54:37.577000000","1",""
"52370","128","2025-12-22 14:31:55.610000000","1",""
"52379","9","2023-11-17 21:59:58.697000000","1",""
"52399","65","2025-12-22 14:12:38.553000000","1",""
"52420","63","2025-12-22 14:16:58.850000000","1",""
"52421","22","2023-09-22 19:00:52.670000000","1",""
"52423","83","2024-09-19 20:53:55.300000000","1",""
"52430","12","2025-11-26 22:23:51.173000000","1",""
"52432","14","2023-11-07 17:38:39.930000000","1",""
"52434","50","2024-09-20 16:59:11.213000000","1",""
"52435","14","2025-11-26 22:25:16.870000000","1",""
"52437","17","2025-11-26 22:26:52.123000000","1",""
"52438","22","2025-09-18 20:45:45.450000000","1",""
"52447","29","2021-09-24 13:06:32.717000000","1",""
"52448","23","2025-09-17 14:20:33.127000000","1",""
"52450","80","2025-01-03 21:17:10.250000000","1",""
"52451","81","2026-01-16 17:33:13.297000000","1",""
"52453","48","2025-09-17 14:17:07.557000000","1",""
"52457","63","2025-03-25 17:40:40.637000000","1",""
"52458","36","2025-08-27 17:26:45.680000000","1",""
"52459","23","2022-04-07 21:36:30.263000000","1",""
"52460","16","2022-04-07 21:37:19.490000000","1",""
"52461","21","2022-04-07 21:38:51.543000000","1",""
"52462","32","2025-09-11 13:46:37.780000000","1",""
"52463","32","2025-09-11 13:48:26.523000000","1",""
"52464","62","2025-02-06 13:53:56.040000000","1",""
"52465","70","2025-12-04 17:54:32.707000000","1",""
"52466","80","2025-12-11 16:30:49.443000000","1",""
"52467","54","2024-05-08 15:56:44.053000000","1",""
"52468","22","2022-04-07 21:44:53.100000000","1",""
"52469","28","2024-10-09 18:19:01.037000000","1",""
"52470","18","2025-07-29 21:07:59.717000000","1",""
"52474","40","2025-09-12 13:35:43.420000000","1",""
"52476","27","2022-04-07 14:02:30.073000000","1",""
"52477","16","2022-04-07 14:09:34.527000000","1",""
"52478","26","2025-10-03 15:02:26.373000000","1",""
"52479","73","2025-12-31 13:50:40.557000000","1",""
"52480","90","2025-12-31 14:02:27.020000000","1",""
"52481","30","2025-03-27 12:56:19.390000000","1",""
"52487","33","2025-04-03 16:17:00.700000000","1",""
"52489","24","2022-04-07 14:19:18.930000000","1",""
"52490","27","2022-04-07 14:19:58.920000000","1",""
"52492","20","2022-04-07 14:21:36.813000000","1",""
"52494","63","2025-09-11 14:03:16.020000000","1",""
"52495","18","2022-04-07 16:51:16.767000000","1",""
"52496","59","2025-10-14 16:31:09.380000000","1",""
"52497","35","2024-06-05 19:22:53.557000000","1",""
"52498","61","2025-10-23 16:57:11.440000000","1",""
"52499","23","2022-05-18 17:35:40.460000000","1",""
"52500","44","2025-03-25 17:51:12.027000000","1",""
"52501","47","2024-11-26 12:52:37.440000000","1",""
"52502","20","2022-04-07 16:49:20.460000000","1",""
"52503","26","2025-10-23 17:00:08.407000000","1",""
"52504","59","2025-10-23 17:20:28.077000000","1",""
"52505","77","2025-09-23 19:55:53.043000000","1",""
"52507","151","2025-12-04 13:55:41.807000000","1",""
"52508","39","2022-04-07 12:33:09.500000000","1",""
"52509","61","2025-05-15 19:51:55.537000000","1",""
"52510","61","2025-09-12 13:51:39.180000000","1",""
"52511","28","2022-04-07 12:40:02.113000000","1",""
"52512","46","2024-05-09 18:55:43.140000000","1",""
"52513","43","2024-09-05 18:55:51.480000000","1",""
"52514","61","2024-05-09 18:59:28.450000000","1",""
"52516","26","2023-09-20 13:41:37.450000000","1",""
"52517","50","2025-10-03 14:40:04.797000000","1",""
"52518","36","2023-05-11 16:30:31.930000000","1",""
"52519","39","2024-05-09 18:57:25.680000000","1",""
"52520","31","2022-11-11 14:43:17.457000000","1",""
"52521","51","2025-11-07 15:43:07.090000000","1",""
"52527","89","2025-12-26 14:14:26.133000000","1",""
"52535","13","2025-07-31 18:29:51.127000000","1",""
"52537","11","2023-12-29 17:39:23.187000000","1",""
"52571","139","2026-01-23 13:38:38.223000000","1",""
"52711","22","2022-04-07 21:46:31.157000000","1",""
"52712","25","2022-04-07 21:47:16.273000000","1",""
"52713","18","2022-04-07 14:00:02.553000000","1",""
"52725","36","2025-09-25 15:59:31.890000000","1",""
"52800","94","2026-01-05 19:17:44.053000000","1",""
"52825","11","2024-01-16 14:52:38.163000000","1",""
"52837","20","2024-12-19 15:52:55.473000000","1",""
"52842","17","2023-11-17 21:52:18.347000000","1",""
"52845","7","2023-10-06 15:24:41.657000000","1",""
"52848","41","2025-09-17 15:57:58.147000000","1",""
"52849","35","2023-12-21 15:24:40.867000000","1",""
"52850","55","2025-12-22 18:44:57.070000000","1",""
"52855","30","2024-01-04 13:46:54.110000000","1",""
"52863","58","2025-12-22 15:48:34.390000000","1",""
"52866","34","2024-12-19 16:04:28.477000000","1",""
"52868","45","2024-12-19 12:58:08.193000000","1",""
"52870","37","2024-12-19 13:27:21.787000000","1",""
"52917","4","2023-11-22 16:25:23.600000000","1",""
"52918","5","2023-11-22 18:30:28.613000000","1",""
"52986","242","2025-04-25 17:28:18.157000000","1",""
"52992","30","2025-04-11 13:01:11.590000000","1",""
"52993","54","2024-10-18 13:42:55.790000000","1","<p>N/A</p>"
"52996","31","2025-09-26 13:52:29.950000000","1",""
"52998","50","2026-01-23 14:04:07.343000000","1",""
"53001","45","2026-01-23 14:04:57.357000000","1",""
"53008","56","2025-09-23 18:03:56.840000000","1",""
"53018","13","2023-11-20 14:38:49.333000000","1",""
"53019","14","2025-07-15 16:38:48.053000000","1",""
"53021","132","2025-12-22 14:27:10.103000000","1",""
"53024","22","2024-03-13 14:59:57.890000000","1",""
"53026","65","2025-12-22 16:12:03.700000000","1",""
"53032","138","2025-12-23 17:51:01.410000000","1",""
"53033","132","2025-12-23 18:08:21.697000000","1",""
"53043","14","2023-01-10 20:02:43.080000000","1",""
"53046","21","2023-12-20 12:47:29.110000000","1",""
"53047","17","2021-12-29 16:33:30.130000000","1",""
"53052","48","2025-08-19 18:16:46.940000000","1",""
"53053","14","2022-05-12 13:18:15.260000000","1",""
"53056","15","2024-11-27 17:20:58.910000000","1",""
"53057","63","2025-08-14 15:04:13.363000000","1",""
"53058","61","2025-08-14 17:50:12.947000000","1",""
"53060","48","2025-08-14 12:47:20.913000000","1",""
"53064","83","2025-08-22 18:48:10.510000000","1",""
"53065","72","2025-08-25 12:43:45.523000000","1",""
"53066","95","2026-01-20 13:10:21.820000000","1",""
"53084","28","2023-11-14 16:35:25.503000000","1",""
"53095","28","2024-09-05 14:24:29.030000000","1",""
"53101","46","2024-08-29 13:10:24.493000000","1",""
"53104","32","2022-01-18 13:18:14.220000000","1",""
"53127","187","2026-01-23 13:37:24.737000000","1",""
"53134","84","2023-11-22 12:43:03.747000000","1",""
"53296","22","2025-10-06 12:11:07.350000000","1",""
"53304","16","2023-11-14 16:25:55.627000000","1",""
"53322","16","2023-11-16 19:22:42.953000000","1",""
"53352","13","2023-11-14 16:30:14.253000000","1",""
"53356","14","2023-11-16 19:28:44.473000000","1",""
"53359","35","2024-11-08 17:02:36.930000000","1",""
"53387","33","2025-09-17 19:24:15.427000000","1",""
"53435","11","2023-01-11 18:34:32.500000000","1",""
"53444","14","2023-01-10 20:56:52.953000000","1",""
"53495","11","2024-11-12 14:59:57.413000000","1",""
"53497","15","2023-01-11 13:47:04.500000000","1",""
"53531","22","2024-09-09 13:22:00.840000000","1",""
"53558","29","2022-01-18 12:58:03.973000000","1",""
"53605","21","2021-07-08 12:10:04.623000000","1",""
"53773","20","2024-01-12 15:56:27.980000000","1",""
"53775","34","2025-01-07 15:40:50.573000000","1",""
"53781","17","2024-01-11 16:38:49.787000000","1",""
"53793","35","2025-12-08 14:50:57.773000000","1",""
"53883","26","2024-03-01 14:33:37.503000000","1",""
"53893","11","2025-09-11 23:12:00.227000000","1",""
"53916","12","2023-11-08 18:55:41.147000000","1",""
"53931","6","2024-11-07 19:04:06.843000000","1",""
"53972","10","2023-11-08 19:00:24.170000000","1",""
"53986","18","2024-12-04 18:18:01.283000000","1",""
"53988","20","2024-12-04 17:54:48.153000000","1",""
"54018","33","2023-07-21 17:08:27.567000000","1",""
"54021","26","2024-05-24 15:25:57.877000000","1",""
"54061","23","2025-12-22 15:12:01.600000000","1",""
"54095","68","2025-09-26 17:04:56.287000000","1",""
"54111","50","2025-09-26 17:14:53.837000000","1",""
"54117","88","2026-01-23 13:39:50.980000000","1",""
"54188","33","2024-08-28 20:13:46.587000000","1",""
"54191","27","2023-11-08 18:44:30.040000000","1",""
"54192","22","2024-05-29 21:01:59.010000000","1",""
"54194","23","2023-11-14 18:27:57.620000000","1",""
"54195","22","2023-11-15 12:11:05.687000000","1",""
"54196","20","2023-11-15 12:12:26.513000000","1",""
"54257","14","2023-11-08 16:53:27.500000000","1",""
"54269","14","2023-11-14 18:04:43.317000000","1",""
"54270","16","2023-11-14 18:06:31.857000000","1",""
"54283","15","2023-11-15 12:26:18.487000000","1",""
"54295","27","2023-11-10 16:31:05.127000000","1",""
"54300","16","2023-11-07 15:46:52.153000000","1",""
"54327","7","2023-11-07 15:11:38.770000000","1",""
"54338","55","2025-08-29 17:41:30.190000000","1",""
"54386","37","2024-08-29 12:08:32.907000000","1","<p>N/A</p>"
"54388","33","2024-08-29 12:09:34.903000000","1","<p>N/A</p>"
"54418","27","2023-11-22 15:31:11.230000000","1","<p>N/A</p>"
"54420","26","2023-11-22 15:31:33.297000000","1","<p>N/A</p>"
"54422","20","2024-05-24 11:58:39.250000000","1","<p>N/A</p>"
"54424","19","2024-05-24 11:59:25.347000000","1","<p>N/A<br data-mce-bogus=""1""></p>"
"54445","26","2023-11-22 16:55:45.027000000","1","<p>N/A</p>"
"54447","25","2025-09-18 20:33:55.840000000","1","<p>N/A</p>"
"54472","30","2023-02-20 19:12:21.977000000","1",""
"54480","15","2025-09-22 13:50:29.260000000","1",""
"54482","15","2025-09-22 13:52:42.593000000","1",""
"54484","12","2025-09-18 20:04:08.467000000","1",""
"54486","12","2025-09-18 20:06:42.477000000","1",""
"54498","23","2023-11-22 15:32:47.737000000","1","<p>N/A</p>"
"54500","23","2025-09-19 14:11:02.680000000","1","<p>N/A</p>"
"54516","45","2025-03-26 18:42:27.167000000","1",""
"54543","21","2025-09-22 11:56:22.920000000","1",""
"54548","35","2025-09-17 14:15:48.320000000","1",""
"54555","18","2024-01-12 16:25:49.560000000","1",""
"54559","12","2021-08-30 15:52:16.347000000","1",""
"54563","54","2024-11-25 13:05:37.657000000","1",""
"54602","24","2025-12-22 16:31:51.870000000","1",""
"54610","3","2023-11-07 12:31:09.633000000","1",""
"54611","5","2023-11-07 12:27:57.420000000","1",""
"54612","4","2023-11-15 17:57:45.830000000","1",""
"54613","3","2023-11-07 12:27:00.820000000","1",""
"54635","31","2023-11-08 19:11:27.427000000","1",""
"54641","13","2023-11-17 12:43:00.367000000","1",""
"54643","13","2023-11-17 12:44:31.623000000","1",""
"54660","13","2023-11-17 12:42:28.030000000","1",""
"54662","13","2023-11-17 12:44:01.830000000","1",""
"54682","34","2024-01-25 15:14:26.247000000","1",""
"54685","17","2023-11-08 15:22:47.923000000","1",""
"54686","22","2024-09-14 23:02:26.880000000","1",""
"54688","23","2023-11-08 18:48:22.273000000","1",""
"54689","32","2023-11-07 18:21:11.073000000","1",""
"54767","66","2025-08-25 15:18:51.300000000","1",""
"54768","38","2025-08-14 14:11:36.627000000","1",""
"54769","27","2022-01-18 13:00:18.330000000","1",""
"54795","42","2024-03-15 10:14:22.883000000","1","<p>N/A</p>"
"54799","62","2025-11-24 13:23:32.177000000","1",""
"54830","9","2024-04-05 20:59:32.543000000","1",""
"54831","28","2023-08-24 15:36:23.583000000","1",""
"54832","14","2024-03-28 13:08:54.873000000","1",""
"54880","10","2025-06-05 17:08:18.787000000","1",""
"54901","27","2024-03-15 17:01:26.100000000","1",""
"54909","24","2023-09-22 19:02:46.940000000","1",""
"54919","22","2025-06-23 20:12:18.457000000","1",""
"54923","45","2026-01-22 14:31:43.340000000","1",""
"54926","25","2025-05-09 14:50:07.673000000","1",""
"54929","40","2025-09-18 16:52:51.320000000","1",""
"54953","68","2026-01-08 14:50:00.747000000","1",""
"54954","28","2023-01-20 14:21:01.950000000","1",""
"54958","28","2025-12-24 18:28:57.357000000","1",""
"54961","20","2025-03-18 17:18:10.963000000","1",""
"54969","52","2025-09-22 11:54:20.783000000","1",""
"54975","16","2023-11-22 15:12:08.723000000","1","<p>N/A</p>"
"54976","15","2023-11-22 15:12:32.290000000","1","<p>N/A</p>"
"54982","28","2025-05-09 14:48:53.240000000","1",""
"55001","67","2025-12-22 16:47:57.990000000","1","<p>N/A</p>"
"55028","45","2025-10-08 13:33:18.250000000","1","<p>NA</p>"
"55044","18","2023-11-22 19:02:01.370000000","1",""
"55056","14","2023-11-17 12:43:34.087000000","1",""
"55058","7","2023-11-16 19:29:34.077000000","1",""
"55061","11","2023-11-08 19:07:21.960000000","1",""
"55069","26","2025-08-14 17:49:02.470000000","1",""
"55115","14","2023-11-22 15:20:48.830000000","1","<p>N/A</p>"
"55116","14","2023-11-22 15:21:21.863000000","1","<p>N/A</p>"
"55136","19","2024-01-24 13:36:42.907000000","1",""
"55146","15","2025-10-22 17:38:14.027000000","1",""
"55147","30","2024-09-17 12:22:14.093000000","1",""
"55161","23","2023-08-23 17:01:05.517000000","1",""
"55162","18","2024-07-24 17:41:33.403000000","1",""
"55169","15","2025-10-22 15:38:30.760000000","1",""
"55175","25","2025-12-23 19:00:35.997000000","1",""
"55193","14","2024-06-18 13:35:43.017000000","1",""
"55197","33","2024-03-20 14:46:01.217000000","1",""
"55200","37","2025-12-23 17:38:53.770000000","1",""
"55206","18","2023-11-20 17:27:56.733000000","1",""
"55210","15","2026-01-22 14:36:51.733000000","1",""
"55215","9","2023-11-16 19:23:06.713000000","1",""
"55224","35","2025-09-18 16:49:45.213000000","1",""
"55227","19","2025-08-14 17:32:58.583000000","1",""
"55229","46","2026-01-23 14:05:44.040000000","1",""
"55230","18","2025-12-23 17:56:22.913000000","1",""
"55231","17","2026-01-22 14:47:58.773000000","1",""
"55233","21","2024-09-17 14:09:15.763000000","1",""
"55235","15","2023-07-19 14:22:47.770000000","1",""
"55239","61","2026-01-02 19:04:28.703000000","1","<p>N/A</p>"
"55264","13","2023-11-22 16:47:04.123000000","1","<p>N/A</p>"
"55265","12","2023-11-22 16:47:25.310000000","1","<p>N/A</p>"
"55294","33","2025-08-29 14:09:45.287000000","1","<p>N/A</p>"
"55295","29","2025-08-29 14:08:57.423000000","1","<p>N/A</p>"
"55310","12","2025-08-28 12:06:50.787000000","1",""
"55315","17","2025-09-26 22:10:37.770000000","1",""
"55326","40","2023-11-16 19:26:40.470000000","1",""
"55336","49","2025-08-21 12:24:21.757000000","1",""
"55354","35","2023-06-05 13:31:53.543000000","1",""
"55426","123","2025-05-22 20:47:43.100000000","1",""
"55478","12","2023-11-08 19:17:03.297000000","1",""
"55503","5","2023-11-22 16:23:07.637000000","1",""
"55505","5","2023-11-22 16:22:29.047000000","1",""
"55530","35","2025-06-20 20:58:13.200000000","1",""
"55584","19","2023-11-08 19:11:50.353000000","1",""
"55595","16","2024-09-09 15:11:52.277000000","1","<p>N/A</p>"
"55596","12","2023-11-22 18:55:46.797000000","1","<p>N/A</p>"
"55597","23","2023-11-22 18:26:57.383000000","1","<p>N/A</p>"
"55600","16","2024-09-09 15:12:58.533000000","1","<p>N/A</p>"
"55601","12","2023-11-22 18:56:05.353000000","1","<p>N/A</p>"
"55602","23","2023-11-22 18:27:18.460000000","1","<p>N/A</p>"
"55621","15","2024-04-16 14:17:44.723000000","1",""
"55623","15","2023-11-22 18:53:25.267000000","1","<p>N/A</p>"
"55624","33","2024-03-15 16:08:50.830000000","1","<p>N/A</p>"
"55628","13","2023-11-22 18:53:57.557000000","1","<p>N/A</p>"
"55639","51","2025-11-18 20:23:25.040000000","1",""
"55672","25","2023-11-20 14:31:32.263000000","1",""
"55675","25","2023-11-16 19:14:19.883000000","1",""
"55695","21","2023-05-23 12:49:05.620000000","1",""
"55703","25","2024-06-18 14:15:31.167000000","1",""
"55709","11","2024-04-16 15:08:02.710000000","1",""
"55710","16","2025-12-23 18:12:33.210000000","1",""
"55711","23","2025-09-18 19:52:22.377000000","1","<p>N/A</p>"
"55712","21","2025-09-18 19:56:50.137000000","1","<p>N/A</p>"
"55715","12","2025-01-31 19:32:23.040000000","1",""
"55716","11","2023-11-08 15:14:20.603000000","1",""
"55717","26","2025-08-18 16:43:49.863000000","1",""
"55719","15","2023-11-16 19:28:20.057000000","1",""
"55723","44","2023-01-20 12:02:28.333000000","1",""
"55738","17","2023-06-22 12:58:52.287000000","1",""
"55754","22","2023-11-14 16:22:56.440000000","1",""
"55769","14","2023-11-22 16:09:29.337000000","1",""
"55774","13","2025-06-20 18:55:24.617000000","1",""
"55818","26","2026-01-23 14:13:19.557000000","1",""
"55835","15","2025-02-21 19:20:58.073000000","1",""
"55909","46","2025-11-18 19:04:13.430000000","1",""
"55913","9","2024-12-17 15:26:40.687000000","1",""
"55937","42","2025-09-26 14:12:03.683000000","1",""
"55951","17","2025-08-22 17:41:11.243000000","1",""
"55958","6","2024-02-28 15:20:28.157000000","1",""
"56006","19","2023-12-21 20:09:49.680000000","1",""
"56008","11","2024-11-13 18:17:30.637000000","1",""
"56025","16","2023-11-08 18:56:50.890000000","1",""
"56027","14","2025-12-23 00:21:15.383000000","1",""
"56034","39","2025-09-25 15:58:53.167000000","1",""
"56050","14","2025-01-31 17:18:53.787000000","1",""
"56065","23","2022-11-15 01:52:20.063000000","1",""
"56071","23","2024-12-23 12:02:30.877000000","1",""
"56072","13","2024-01-23 18:41:24.430000000","1",""
"56083","13","2025-07-29 21:06:32.260000000","1",""
"56103","13","2024-01-23 13:23:59.690000000","1",""
"56104","15","2024-01-23 13:24:38.460000000","1",""
"56106","14","2024-01-30 20:17:52.863000000","1",""
"56112","6","2023-11-14 16:42:55.747000000","1",""
"56152","35","2025-09-18 16:59:29.390000000","1",""
"56157","17","2026-01-20 20:41:32.580000000","1",""
"56159","22","2025-02-21 19:47:22.553000000","1",""
"56175","14","2025-02-21 19:24:38.090000000","1",""
"56178","20","2023-11-20 14:25:43.650000000","1",""
"56198","10","2023-11-18 23:18:42.347000000","1",""
"56199","122","2025-09-15 19:25:12.510000000","1",""
"56232","34","2025-09-17 16:31:14.307000000","1",""
"56273","28","2025-08-22 18:58:45.810000000","1",""
"56287","18","2024-05-31 13:37:46.997000000","1",""
"56289","13","2025-09-15 17:14:25.383000000","1",""
"56326","27","2023-02-22 21:51:03.387000000","1","<p><p style=""margin-top: 0in; background: white;""><span style=""font-size: 10.5pt; font-family: 'Verdana',sans-serif; color: #212529;"">The following ICD-10 PCS Codes include both the Part A insertion and removal codes.</span></p></p>"
"56333","11","2023-07-19 14:40:42.810000000","1",""
"56335","14","2025-04-25 18:44:23.663000000","1",""
"56340","31","2025-06-20 18:56:45.400000000","1","<p><span style=""line-height: 107%;"">The following ICD-10 PCS Codes include both the Part A insertion and removal codes.</span></p>
<p><span style=""line-height: 107%;"">Procedure code 02PAXMZ remains valid until 9/30/2021. This code will not be valid for dates of service October1, 2021 and forward </span></p>"
"56343","13","2025-04-09 16:57:48.807000000","1","<p><span style=""line-height: 115%;"">The following ICD-10 PCS Codes include both the Part A insertion, removal and revision codes.</span></p>"
"56346","22","2025-04-29 15:21:51.740000000","1",""
"56380","56","2025-08-26 12:15:01.267000000","1",""
"56389","36","2025-08-21 14:33:52.983000000","1",""
"56390","11","2023-01-10 14:47:11.913000000","1",""
"56391","37","2025-12-24 19:58:22.120000000","1",""
"56394","27","2025-01-23 15:03:40.283000000","1",""
"56395","17","2024-08-21 18:36:38.750000000","1",""
"56396","11","2023-01-17 15:54:04.963000000","1",""
"56414","41","2025-09-26 13:53:43.590000000","1",""
"56416","42","2025-09-26 13:54:34.290000000","1",""
"56419","20","2023-04-10 13:11:15.753000000","1",""
"56420","16","2023-01-20 12:04:01.660000000","1",""
"56421","40","2025-11-10 12:56:31.900000000","1",""
"56422","50","2026-01-23 14:06:35.097000000","1",""
"56423","59","2026-01-23 14:07:25.730000000","1",""
"56425","16","2025-11-26 22:39:00.907000000","1",""
"56432","22","2025-08-18 13:17:41.603000000","1",""
"56439","18","2025-10-31 20:58:09.363000000","1",""
"56448","22","2025-11-26 22:37:21.043000000","1",""
"56451","26","2025-09-30 23:46:17.310000000","1",""
"56452","21","2025-11-26 22:40:29.813000000","1",""
"56453","12","2025-09-18 20:06:24.220000000","1",""
"56454","11","2025-01-31 19:17:58.150000000","1",""
"56455","11","2025-01-31 19:27:42.050000000","1",""
"56456","30","2025-12-26 14:19:46.220000000","1",""
"56457","14","2025-09-18 20:18:24.727000000","1",""
"56459","28","2025-10-30 14:22:07.773000000","1",""
"56460","13","2025-01-31 16:56:12.330000000","1",""
"56461","25","2025-09-17 17:32:27.700000000","1",""
"56462","30","2025-02-25 17:23:50.973000000","1",""
"56464","34","2025-09-17 17:39:55.060000000","1",""
"56465","15","2025-03-18 15:40:35.370000000","1",""
"56467","12","2025-03-18 15:44:50.597000000","1",""
"56471","17","2025-01-31 19:02:27.960000000","1",""
"56472","22","2025-09-17 17:45:57.170000000","1",""
"56476","35","2025-08-14 14:47:40.507000000","1",""
"56491","25","2025-03-18 16:49:18.987000000","1",""
"56493","13","2025-10-31 20:50:57.690000000","1",""
"56494","15","2025-01-31 19:11:48.223000000","1",""
"56500","39","2025-10-31 21:03:26.793000000","1",""
"56502","8","2023-11-20 14:21:05.550000000","1",""
"56503","12","2024-12-17 16:47:50.037000000","1",""
"56505","37","2025-01-24 13:49:32.490000000","1",""
"56514","25","2025-03-24 15:55:10.423000000","1",""
"56518","26","2024-03-15 16:08:02.280000000","1","<p>N/A</p>"
"56531","19","2024-08-12 18:11:49.910000000","1",""
"56537","40","2025-09-15 17:47:48.783000000","1",""
"56538","27","2025-09-26 13:55:14.553000000","1",""
"56541","40","2024-01-19 13:04:01.883000000","1",""
"56542","18","2025-09-26 17:08:21.060000000","1",""
"56544","27","2025-09-15 17:40:08.840000000","1",""
"56545","14","2024-11-13 14:10:50.203000000","1",""
"56548","19","2025-09-15 17:41:12.500000000","1",""
"56551","33","2025-09-15 17:52:45.740000000","1",""
"56558","86","2025-11-26 13:34:39.110000000","1",""
"56559","26","2025-08-13 21:55:28.303000000","1",""
"56562","33","2024-08-08 18:59:20.140000000","1",""
"56565","19","2025-10-31 15:30:21.397000000","1",""
"56566","41","2025-12-22 16:40:09.863000000","1",""
"56572","22","2024-06-04 13:39:36.803000000","1",""
"56580","30","2025-08-14 18:31:24.157000000","1",""
"56584","14","2023-07-06 14:41:37.017000000","1",""
"56587","43","2025-01-24 17:36:21.947000000","1",""
"56588","27","2024-09-23 10:43:36.500000000","1",""
"56594","13","2025-03-18 17:14:01.607000000","1",""
"56602","39","2025-01-24 13:51:56.547000000","1",""
"56605","22","2025-12-22 15:47:49.240000000","1",""
"56606","19","2024-12-17 17:20:51.393000000","1",""
"56607","19","2025-08-21 14:15:21.243000000","1",""
"56609","17","2024-02-13 22:15:19.593000000","1",""
"56610","13","2023-11-06 15:53:06.327000000","1",""
"56611","15","2025-08-14 16:11:19.977000000","1",""
"56612","33","2025-08-20 18:07:58.540000000","1",""
"56613","17","2025-08-14 16:13:19.443000000","1",""
"56614","23","2025-04-09 14:26:15.103000000","1",""
"56615","36","2025-09-26 13:56:52.040000000","1",""
"56616","11","2024-12-13 15:16:30.810000000","1",""
"56617","25","2023-12-19 12:47:27.640000000","1",""
"56619","33","2025-08-20 14:53:39.653000000","1",""
"56621","26","2025-08-14 12:30:34.840000000","1",""
"56625","36","2025-08-19 15:00:56.533000000","1",""
"56631","19","2023-10-20 11:53:02.133000000","1",""
"56632","31","2025-08-14 17:16:05.260000000","1",""
"56633","47","2023-11-09 23:50:23.170000000","1",""
"56636","20","2025-10-22 18:51:30.480000000","1",""
"56638","37","2025-07-09 18:47:28.187000000","1",""
"56639","20","2025-08-14 13:23:36.937000000","1",""
"56641","18","2025-08-14 13:58:38.323000000","1",""
"56642","47","2025-07-09 18:46:28.797000000","1",""
"56644","29","2025-09-26 14:04:44.470000000","1",""
"56645","48","2024-10-18 13:49:41.547000000","1",""
"56646","23","2025-08-21 14:10:47.810000000","1",""
"56647","32","2023-11-09 23:51:50","1",""
"56648","19","2023-10-19 18:16:12.107000000","1",""
"56651","36","2023-11-09 11:41:10.703000000","1",""
"56653","15","2024-05-31 13:36:54.807000000","1",""
"56658","38","2025-11-10 12:57:00.297000000","1",""
"56666","19","2023-01-20 12:03:14.297000000","1",""
"56669","16","2024-07-23 15:40:32","1",""
"56670","58","2024-09-13 13:11:16.700000000","1",""
"56672","16","2024-10-18 12:45:49.793000000","1",""
"56673","14","2024-12-13 15:17:19.290000000","1",""
"56674","11","2025-04-09 14:28:58.433000000","1",""
"56675","25","2024-09-05 14:29:00.783000000","1",""
"56679","9","2024-08-22 14:02:02","1",""
"56680","44","2025-10-24 13:18:49.620000000","1",""
"56681","34","2023-11-09 11:38:02.863000000","1",""
"56682","49","2025-10-03 12:28:16.163000000","1",""
"56684","17","2025-09-12 14:35:09.823000000","1",""
"56685","17","2024-08-26 14:04:31.797000000","1",""
"56686","16","2024-12-17 17:34:19.747000000","1",""
"56690","17","2024-12-17 19:11:39.460000000","1",""
"56691","28","2025-08-14 13:49:01.397000000","1",""
"56692","18","2025-09-19 13:03:58.030000000","1",""
"56695","24","2025-08-25 13:18:59.297000000","1",""
"56696","35","2025-08-29 17:08:45.390000000","1",""
"56697","44","2025-10-31 21:11:16.607000000","1",""
"56703","17","2024-06-24 12:34:08.030000000","1",""
"56704","10","2022-03-04 13:36:36.370000000","1",""
"56717","31","2025-08-19 10:55:46.210000000","1",""
"56718","33","2025-08-25 13:33:07.003000000","1",""
"56722","23","2025-09-26 17:44:06.770000000","1",""
"56726","42","2025-09-16 20:15:36.130000000","1",""
"56727","21","2025-08-18 15:58:46.767000000","1",""
"56729","21","2025-08-25 14:13:16.373000000","1",""
"56730","23","2025-08-22 15:24:22.683000000","1",""
"56731","16","2023-12-27 19:22:56.587000000","1",""
"56732","15","2023-12-20 18:54:10.753000000","1",""
"56737","30","2024-09-18 13:08:04.550000000","1",""
"56743","25","2025-12-22 18:35:48.697000000","1",""
"56747","28","2025-07-10 20:15:48.197000000","1",""
"56748","29","2025-08-20 14:04:19.793000000","1",""
"56756","20","2023-11-03 14:52:04.717000000","1",""
"56758","61","2025-09-18 11:59:12.220000000","1",""
"56766","24","2025-09-17 16:21:02.110000000","1",""
"56767","28","2025-12-22 13:59:34.563000000","1",""
"56769","18","2025-08-14 15:14:16.023000000","1",""
"56771","25","2024-09-17 12:35:02.723000000","1",""
"56773","30","2025-09-26 13:57:38.917000000","1",""
"56774","22","2025-08-14 11:51:30.903000000","1",""
"56775","24","2025-08-25 13:56:09.830000000","1",""
"56777","12","2024-02-19 14:55:32.637000000","1",""
"56779","18","2025-09-18 12:10:36.090000000","1",""
"56781","36","2025-09-15 17:49:30.243000000","1",""
"56784","18","2024-08-12 15:21:11.450000000","1",""
"56786","67","2026-01-23 13:42:32.043000000","1",""
"56787","23","2023-09-21 18:53:52.450000000","1",""
"56792","11","2023-08-07 14:15:22.343000000","1",""
"56793","34","2025-08-01 18:16:49.250000000","1",""
"56795","34","2025-04-23 19:27:48.860000000","1",""
"56796","31","2026-01-23 13:44:56.310000000","1",""
"56797","17","2025-12-22 13:57:20.167000000","1",""
"56798","28","2025-07-29 15:17:55.207000000","1",""
"56799","29","2025-10-30 14:19:07.403000000","1",""
"56802","18","2025-09-26 22:16:17.200000000","1",""
"56805","41","2025-09-26 17:13:56.070000000","1",""
"56808","15","2025-09-26 22:12:16.493000000","1",""
"56809","20","2025-08-29 17:15:28.443000000","1",""
"56811","13","2025-09-19 13:08:35.983000000","1",""
"56816","15","2025-01-31 19:38:16.310000000","1",""
"56818","50","2025-08-22 12:14:26.350000000","1",""
"56823","19","2025-12-22 14:02:11.093000000","1",""
"56825","20","2025-08-14 15:48:50.707000000","1",""
"56827","16","2025-09-15 17:38:34.513000000","1",""
"56836","17","2025-04-30 17:13:13.330000000","1",""
"56837","17","2024-12-19 16:28:18.180000000","1",""
"56838","13","2024-05-21 14:16:40.237000000","1",""
"56841","18","2023-10-20 11:51:58.710000000","1",""
"56844","25","2025-09-17 16:48:39.440000000","1",""
"56845","11","2025-09-15 17:50:38.337000000","1",""
"56848","16","2025-01-24 13:54:22.793000000","1",""
"56850","32","2024-12-19 12:51:51.287000000","1",""
"56852","22","2025-08-13 19:37:59.067000000","1",""
"56853","97","2026-01-12 15:39:31.020000000","1",""
"56857","7","2021-06-30 12:24:42.643000000","1",""
"56863","14","2023-11-20 14:45:57.280000000","1",""
"56865","28","2024-09-19 20:58:15.570000000","1",""
"56866","18","2024-09-24 14:32:53.353000000","1",""
"56867","42","2025-10-17 13:05:27.540000000","1",""
"56868","30","2025-08-22 19:20:58.037000000","1",""
"56869","12","2024-12-17 20:18:35.443000000","1",""
"56870","7","2021-11-16 13:03:11.460000000","1",""
"56871","19","2024-12-16 20:11:02.077000000","1",""
"56872","10","2023-07-21 15:01:18.917000000","1",""
"56874","28","2024-12-19 16:40:08.773000000","1",""
"56875","11","2021-09-09 12:14:43.163000000","1",""
"56876","18","2023-12-28 16:40:58.780000000","1",""
"56881","10","2025-08-01 00:19:51.103000000","1",""
"56884","13","2023-11-08 17:11:56.907000000","1",""
"56885","14","2023-11-10 16:46:18.930000000","1",""
"56887","11","2023-11-15 12:11:45.763000000","1",""
"56898","15","2021-06-15 12:08:48.147000000","1",""
"56899","11","2024-10-31 13:10:46.880000000","1",""
"56900","23","2025-09-17 17:04:38.817000000","1",""
"56902","50","2026-01-22 20:17:24.250000000","1","<p>N/A</p>"
"56903","15","2025-06-18 17:23:39.063000000","1",""
"56905","20","2026-01-22 19:48:02.273000000","1",""
"56906","13","2022-06-20 12:58:59.460000000","1",""
"56907","24","2025-12-24 18:56:25.093000000","1",""
"56908","19","2025-12-24 17:44:45.247000000","1",""
"56910","9","2025-07-16 16:14:38.437000000","1",""
"56913","13","2023-07-07 13:48:57.563000000","1",""
"56914","19","2026-01-22 19:51:10.167000000","1",""
"56915","33","2026-01-22 20:13:25.003000000","1",""
"56916","31","2025-09-18 19:28:11.950000000","1",""
"56923","16","2023-01-20 12:08:35.480000000","1",""
"56924","11","2023-07-03 13:03:52.720000000","1",""
"56926","16","2025-07-31 18:55:04.857000000","1",""
"56929","15","2023-09-14 20:07:55.940000000","1",""
"56933","9","2022-10-10 12:44:24.143000000","1",""
"56937","42","2025-12-22 18:17:02.727000000","1",""
"56938","46","2022-01-14 13:50:48.260000000","1",""
"56940","11","2025-02-06 19:27:32.887000000","1",""
"56941","7","2021-10-07 11:42:28.967000000","1",""
"56943","17","2025-08-22 15:02:46.650000000","1",""
"56948","23","2025-08-18 19:13:33.290000000","1",""
"56952","50","2026-01-23 14:15:11.650000000","1",""
"56953","25","2022-01-14 13:57:32.403000000","1",""
"56954","5","2022-10-18 16:39:08.010000000","1",""
"56957","9","2021-12-22 16:14:23.930000000","1",""
"56961","18","2025-10-17 11:34:05.897000000","1",""
"56962","8","2021-09-09 12:21:17.093000000","1",""
"56963","12","2021-09-29 12:07:10.613000000","1",""
"56973","67","2026-01-12 13:13:52.200000000","1",""
"56980","12","2025-06-11 12:08:10.710000000","1",""
"56981","16","2023-11-08 18:29:32.520000000","1",""
"56982","15","2025-06-11 12:09:59.023000000","1",""
"56983","12","2024-08-14 19:41:57.140000000","1",""
"56985","15","2023-11-08 18:39:49.493000000","1",""
"56988","17","2025-11-26 22:42:01.770000000","1",""
"56989","11","2023-11-08 16:59:19.880000000","1",""
"56995","15","2024-02-28 14:33:00.527000000","1",""
"56997","18","2025-04-30 19:24:05.900000000","1",""
"56998","10","2023-11-15 12:09:43.413000000","1",""
"57020","5","2023-11-20 14:53:05.470000000","1",""
"57021","19","2024-01-29 16:47:57.780000000","1",""
"57024","15","2024-03-01 16:07:09.070000000","1",""
"57025","21","2025-01-24 13:58:49.850000000","1",""
"57029","10","2022-10-28 13:23:02.827000000","1",""
"57034","11","2024-11-08 16:17:10.480000000","1",""
"57037","24","2025-08-22 13:16:38.610000000","1",""
"57038","16","2025-08-29 17:00:59.757000000","1",""
"57039","9","2025-08-29 16:39:28.120000000","1",""
"57040","25","2025-07-29 15:15:00.887000000","1",""
"57041","20","2025-09-18 17:21:07.237000000","1",""
"57043","23","2025-09-18 18:06:38.540000000","1",""
"57044","21","2026-01-12 19:06:54.723000000","1",""
"57047","11","2023-12-29 17:47:55.470000000","1",""
"57049","12","2025-02-21 19:49:18.933000000","1",""
"57050","12","2025-03-28 21:09:08.063000000","1",""
"57052","17","2025-03-28 21:30:44.200000000","1",""
"57053","21","2025-03-28 21:33:23.570000000","1",""
"57054","11","2025-03-28 21:36:36.543000000","1",""
"57056","44","2025-10-03 12:29:24.960000000","1",""
"57060","11","2025-09-15 17:51:31.923000000","1",""
"57063","29","2025-09-26 17:19:13.163000000","1",""
"57064","9","2024-09-13 13:30:31.730000000","1","<p>N/A</p>"
"57065","30","2025-10-30 14:18:22.047000000","1",""
"57067","32","2025-11-20 15:17:11.917000000","1",""
"57068","16","2025-09-18 18:21:28.193000000","1",""
"57069","24","2026-01-08 13:04:38.597000000","1",""
"57070","15","2025-05-23 19:06:31.237000000","1",""
"57071","35","2025-10-30 14:17:32.437000000","1",""
"57072","17","2023-06-29 17:20:47.967000000","1",""
"57077","29","2024-10-18 13:54:50.790000000","1",""
"57079","13","2025-12-22 13:27:44.593000000","1",""
"57083","13","2025-11-14 12:34:06.927000000","1",""
"57084","14","2023-11-16 19:34:05.423000000","1",""
"57092","24","2025-10-09 13:05:38.690000000","1",""
"57100","46","2026-01-22 14:55:35.073000000","1",""
"57106","12","2024-01-23 20:39:59.437000000","1",""
"57110","17","2024-09-17 14:04:25.737000000","1",""
"57112","11","2024-06-18 13:50:35.750000000","1",""
"57113","44","2026-01-23 13:45:58.320000000","1",""
"57114","16","2026-01-23 13:49:43.627000000","1",""
"57115","10","2026-01-23 14:15:56.760000000","1",""
"57122","23","2025-12-12 14:46:48.227000000","1",""
"57123","61","2025-09-26 17:05:46.433000000","1",""
"57124","21","2024-09-04 13:31:04.217000000","1","<p>N/A</p>"
"57125","22","2024-10-18 13:43:39.687000000","1","<p>N/A</p>"
"57130","51","2025-09-26 13:58:31.257000000","1",""
"57132","19","2023-12-29 17:43:00.930000000","1",""
"57141","42","2025-12-17 17:42:09.640000000","1",""
"57145","32","2026-01-23 14:16:53.760000000","1",""
"57149","19","2025-12-12 13:10:11.800000000","1",""
"57155","15","2024-09-30 18:28:44.353000000","1",""
"57160","9","2025-02-25 17:39:09.893000000","1",""
"57161","22","2025-12-22 15:21:38.443000000","1",""
"57165","15","2025-10-27 17:47:50.500000000","1",""
"57179","20","2024-10-18 13:56:14.630000000","1",""
"57181","37","2025-09-23 19:03:03.727000000","1",""
"57183","23","2025-12-22 15:16:13.610000000","1",""
"57185","37","2025-12-29 16:57:01.770000000","1","<p>N/A</p>"
"57186","37","2025-12-29 16:58:24.833000000","1","<p>N/A</p>"
"57187","31","2025-12-23 11:50:14.587000000","1",""
"57188","27","2025-09-26 17:23:34.850000000","1",""
"57189","28","2024-09-25 21:22:08.237000000","1",""
"57190","11","2025-06-25 20:34:58.050000000","1",""
"57193","30","2025-12-26 14:13:39.847000000","1",""
"57194","33","2025-12-23 11:51:53.697000000","1",""
"57195","29","2025-10-15 21:14:42.990000000","1",""
"57204","43","2025-12-19 16:07:33.477000000","1",""
"57205","39","2026-01-23 14:08:24.243000000","1",""
"57206","30","2025-09-23 19:45:55.697000000","1",""
"57221","25","2024-12-23 11:59:46.493000000","1",""
"57224","64","2025-12-22 16:45:43.207000000","1",""
"57236","20","2025-09-19 15:48:11.073000000","1","<p>N/A</p>"
"57237","11","2023-11-16 19:14:49.563000000","1",""
"57268","21","2025-10-17 13:13:36.100000000","1","<p>N/A</p>"
"57282","18","2025-09-30 23:56:42.720000000","1",""
"57284","13","2025-05-30 21:01:43.850000000","1",""
"57305","14","2025-10-03 22:20:28.457000000","1",""
"57306","42","2025-10-30 13:39:58.873000000","1",""
"57307","37","2025-10-30 14:14:49.700000000","1",""
"57311","32","2025-09-18 20:29:31.810000000","1",""
"57326","40","2025-10-15 20:17:15.280000000","1",""
"57329","17","2025-09-22 13:15:45.463000000","1","<p>N/A</p>"
"57330","15","2023-11-22 18:28:58.890000000","1","<p>N/A</p>"
"57331","55","2026-01-13 15:48:58.750000000","1","<p>N/A</p>"
"57332","54","2026-01-13 15:49:55.730000000","1","<p>N/A</p>"
"57342","31","2025-10-13 15:21:40.280000000","1",""
"57356","14","2023-11-22 19:36:08.560000000","1","<p>N/A</p>"
"57361","46","2026-01-23 14:09:19.880000000","1",""
"57363","14","2023-11-22 15:21:55.530000000","1",""
"57372","17","2023-11-22 18:30:46.707000000","1","<p>N/A</p>"
"57384","47","2025-11-07 13:03:22.413000000","1","<p>N/A</p>"
"57385","43","2025-11-07 13:04:17.137000000","1","<p>N/A</p>"
"57386","21","2025-09-19 17:04:13.920000000","1",""
"57414","30","2025-09-26 13:59:16.007000000","1",""
"57419","16","2023-11-22 15:29:01.663000000","1",""
"57420","14","2023-11-22 15:29:28.113000000","1",""
"57423","16","2025-09-23 13:11:13.157000000","1",""
"57427","10","2024-09-18 18:25:56.337000000","1",""
"57428","9","2025-12-22 18:30:26.783000000","1",""
"57431","13","2025-12-22 18:22:00.580000000","1",""
"57432","12","2025-09-22 19:07:11.660000000","1","<p>N/A</p>"
"57433","13","2025-09-22 19:08:07.147000000","1","<p>N/A</p>"
"57434","35","2025-09-26 17:30:23.780000000","1",""
"57435","25","2026-01-08 12:40:01.317000000","1",""
"57441","8","2023-11-22 19:08:33.023000000","1",""
"57449","24","2025-09-26 17:31:40.203000000","1",""
"57450","14","2025-09-26 17:32:23.500000000","1",""
"57451","38","2024-01-19 13:06:50.460000000","1",""
"57452","45","2025-09-17 16:38:54.017000000","1",""
"57455","23","2025-09-17 20:31:55.553000000","1",""
"57473","33","2025-09-18 19:06:24.020000000","1",""
"57474","33","2025-09-17 17:39:36.397000000","1",""
"57476","22","2025-08-22 17:27:57.297000000","1",""
"57477","12","2024-10-22 12:33:25.097000000","1",""
"57478","40","2025-09-16 18:52:19.330000000","1",""
"57479","18","2026-01-22 18:00:56.983000000","1",""
"57480","31","2026-01-22 20:20:23.190000000","1",""
"57481","12","2024-10-22 12:54:40.870000000","1",""
"57482","23","2026-01-22 19:45:18.253000000","1",""
"57483","28","2025-09-18 17:17:14.337000000","1",""
"57484","21","2024-10-22 11:57:13.610000000","1",""
"57486","9","2023-11-22 17:29:47.960000000","1",""
"57487","9","2023-11-22 17:30:06.980000000","1",""
"57496","14","2024-05-10 11:50:10.630000000","1",""
"57497","15","2023-11-16 19:11:25.273000000","1",""
"57503","17","2022-03-24 15:26:39.833000000","1",""
"57512","19","2025-09-04 19:01:26.513000000","1",""
"57515","12","2023-11-22 19:43:56.517000000","1",""
"57516","11","2025-09-19 18:49:51.160000000","1",""
"57517","12","2025-09-19 18:51:28.690000000","1",""
"57520","43","2025-01-24 13:57:29.007000000","1",""
"57526","87","2026-01-13 15:25:29.930000000","1","<p>N/A</p>"
"57527","83","2026-01-13 15:27:46.157000000","1","<p>N/A</p>"
"57531","60","2025-11-26 13:36:20.033000000","1",""
"57540","15","2025-09-26 17:40:21.217000000","1",""
"57551","14","2025-12-23 13:54:28.660000000","1",""
"57552","19","2025-10-22 15:27:03.510000000","1",""
"57554","38","2025-10-22 14:53:10.687000000","1",""
"57558","11","2023-03-22 14:33:54.553000000","1",""
"57559","20","2025-09-17 15:54:45.497000000","1",""
"57560","10","2025-04-25 19:15:08.530000000","1",""
"57566","11","2024-06-18 13:24:59.347000000","1",""
"57567","14","2025-04-25 19:30:21.660000000","1",""
"57568","11","2023-04-21 17:50:40.320000000","1",""
"57571","9","2024-11-20 14:19:23.247000000","1",""
"57575","9","2025-06-18 17:36:04.553000000","1",""
"57576","11","2023-05-23 15:15:22.150000000","1",""
"57577","7","2023-08-23 16:56:04.920000000","1",""
"57581","7","2023-07-19 16:36:05.723000000","1",""
"57583","9","2025-10-22 17:06:40.380000000","1",""
"57587","9","2023-12-20 14:49:27.577000000","1",""
"57588","11","2025-10-22 17:47:44.650000000","1",""
"57589","16","2023-11-20 15:53:30.133000000","1",""
"57590","15","2026-01-22 18:52:01.203000000","1",""
"57591","21","2025-09-18 17:50:45","1",""
"57592","17","2025-01-21 15:38:16.863000000","1",""
"57593","17","2025-09-18 19:40:01.133000000","1",""
"57594","22","2025-12-23 20:45:46.843000000","1",""
"57595","19","2026-01-22 20:00:52.667000000","1",""
"57596","19","2026-01-22 19:54:44.293000000","1",""
"57597","22","2025-09-16 19:10:42.573000000","1",""
"57598","9","2024-04-16 14:29:45.697000000","1",""
"57599","14","2025-09-18 18:43:33.170000000","1",""
"57600","34","2025-09-26 14:00:03.547000000","1",""
"57604","16","2024-01-23 16:48:26.250000000","1",""
"57607","15","2023-11-22 15:27:23.677000000","1","<p>N/A</p>"
"57611","16","2025-09-09 16:37:28.897000000","1",""
"57612","8","2023-11-16 19:17:00.210000000","1",""
"57614","15","2025-09-09 16:38:35.733000000","1",""
"57615","6","2023-11-16 19:19:46.747000000","1",""
"57618","24","2025-01-24 13:58:15.303000000","1",""
"57619","7","2023-11-22 17:32:05.117000000","1","<p>N/A</p>"
"57620","7","2023-11-22 17:32:39.263000000","1","<p>N/A</p>"
"57621","17","2023-11-22 15:26:10.127000000","1","<p>N/A</p>"
"57622","16","2023-11-22 15:26:32.883000000","1","<p>N/A</p>"
"57630","11","2024-07-24 17:29:22.543000000","1",""
"57633","8","2025-01-24 17:53:14.560000000","1",""
"57636","24","2025-09-26 14:08:30.673000000","1",""
"57637","20","2025-09-26 17:41:18.193000000","1",""
"57638","7","2024-01-19 13:57:50.357000000","1",""
"57643","20","2025-09-04 19:00:34.213000000","1","<p>N/A</p>"
"57647","17","2023-07-07 12:25:58.227000000","1",""
"57649","9","2023-10-20 12:29:57.040000000","1",""
"57657","25","2024-10-18 14:01:03.007000000","1",""
"57661","17","2023-11-22 19:29:14.873000000","1","<p>N/A</p>"
"57663","13","2025-04-30 17:04:18.273000000","1",""
"57664","11","2023-11-22 16:49:54.357000000","1","<p>N/A</p>"
"57666","36","2026-01-23 14:12:40.187000000","1",""
"57668","44","2025-09-17 16:28:34.333000000","1",""
"57669","10","2025-09-26 14:09:19.697000000","1",""
"57677","14","2024-10-18 12:55:43.003000000","1",""
"57678","11","2025-09-26 14:05:19.197000000","1",""
"57680","9","2026-01-23 13:41:12.400000000","1",""
"57683","11","2025-09-17 17:27:30.170000000","1",""
"57685","15","2025-12-23 00:27:30.543000000","1",""
"57689","44","2025-10-10 16:31:56.130000000","1",""
"57692","11","2023-11-08 18:30:41.830000000","1",""
"57697","16","2025-09-04 19:02:55.790000000","1",""
"57701","30","2025-12-22 16:36:18.723000000","1","<p>N/A</p>"
"57706","14","2025-06-20 18:56:08.300000000","1",""
"57715","55","2025-12-05 14:36:30.743000000","1",""
"57718","20","2024-09-27 12:28:45.753000000","1",""
"57726","7","2023-10-13 11:44:21.257000000","1",""
"57733","10","2024-05-21 12:56:15.683000000","1",""
"57736","17","2024-09-20 19:59:51.387000000","1",""
"57751","23","2026-01-23 13:50:27.970000000","1",""
"57752","18","2022-02-11 14:12:32.793000000","1",""
"57753","12","2022-01-14 13:53:24.767000000","1",""
"57755","18","2024-03-27 14:37:53.190000000","1",""
"57759","35","2025-09-17 20:26:54.880000000","1",""
"57765","24","2026-01-23 13:53:41.203000000","1",""
"57767","12","2024-03-01 14:34:12.133000000","1",""
"57772","76","2026-01-22 15:07:22.400000000","1",""
"57773","17","2023-11-22 15:22:48.643000000","1","<p>N/A</p>"
"57774","15","2025-09-19 14:07:01.670000000","1","<p>N/A</p>"
"57778","48","2026-01-23 13:43:22.367000000","1",""
"57779","8","2025-01-24 17:40:08.223000000","1",""
"57780","27","2025-09-26 14:10:01.940000000","1",""
"57787","45","2024-09-13 13:22:19.437000000","1",""
"57788","41","2025-12-12 20:04:16.770000000","1",""
"57791","12","2023-12-20 01:09:56.863000000","1",""
"57804","41","2025-09-26 14:07:53.373000000","1",""
"57813","8","2022-01-18 13:52:52.243000000","1",""
"57826","33","2024-12-19 12:38:02.397000000","1",""
"57831","28","2025-03-28 13:01:32.277000000","1",""
"57837","28","2026-01-13 14:20:52.217000000","1",""
"57839","14","2025-04-04 13:39:26.597000000","1",""
"57842","10","2024-03-28 12:06:22.327000000","1",""
"57843","10","2024-03-28 12:07:45.127000000","1","<p>N/A</p>"
"57848","19","2025-03-19 12:10:41.363000000","1",""
"57851","8","2023-09-19 14:19:23.907000000","1",""
"57858","29","2025-04-23 19:02:36.660000000","1",""
"57863","37","2025-07-17 23:01:37.950000000","1",""
"57867","33","2025-06-30 13:11:57.763000000","1",""
"57868","4","2021-12-13 14:12:17.467000000","1",""
"57870","26","2025-04-09 11:07:14.740000000","1",""
"57872","10","2022-02-11 14:13:27.803000000","1",""
"57873","27","2025-11-14 13:11:31.460000000","1",""
"57878","23","2026-01-22 15:15:57.020000000","1",""
"57880","13","2025-12-11 13:59:03.533000000","1",""
"57884","10","2025-04-04 13:40:37.410000000","1",""
"57891","36","2026-01-23 14:44:53.883000000","1",""
"57892","36","2026-01-23 14:45:41.130000000","1","<p>N/A</p>"
"57901","24","2025-03-28 12:34:28.407000000","1","<p>N/A</p>"
"57905","26","2025-03-28 12:35:06.697000000","1","<p>N/A</p>"
"57910","14","2023-11-15 12:29:13.900000000","1",""
"57913","11","2025-09-16 17:35:55.180000000","1",""
"57915","10","2025-05-13 19:15:55.593000000","1",""
"57917","29","2025-05-09 16:10:20.647000000","1",""
"57926","22","2025-12-26 14:18:42.427000000","1",""
"57936","33","2025-07-23 19:23:15.057000000","1",""
"57944","21","2025-12-24 20:15:20.047000000","1","<p>N/A</p>"
"57948","28","2025-12-29 18:08:39.827000000","1",""
"57954","73","2025-11-10 19:27:29.633000000","1",""
"57970","12","2023-11-22 16:38:16.193000000","1","<p>N/A</p>"
"57972","10","2023-11-22 16:38:48.103000000","1","<p>N/A</p>"
"57983","6","2023-12-20 16:25:11.837000000","1",""
"57994","6","2023-11-16 15:57:43.440000000","1","<p><p style=""line-height: normal; background: white;"">The following ICD-10 PCS Codes include both the Part A insertion and removal codes.</p></p>"
"58008","19","2025-10-24 13:15:14.020000000","1",""
"58017","50","2026-01-12 15:46:00.247000000","1",""
"58019","45","2026-01-12 15:40:43.940000000","1",""
"58021","11","2022-05-26 13:29:57.470000000","1",""
"58028","23","2024-01-08 14:34:44.560000000","1",""
"58031","11","2022-02-18 13:49:44.780000000","1",""
"58038","10","2023-11-10 16:33:22.027000000","1",""
"58052","8","2025-09-19 18:56:20.777000000","1","<p>N/A</p>"
"58053","7","2023-11-22 18:26:29.527000000","1","<p>N/A</p>"
"58061","28","2025-06-26 13:39:43.070000000","1",""
"58063","11","2023-11-10 16:27:41.183000000","1",""
"58065","19","2024-01-08 17:49:55.723000000","1",""
"58075","19","2025-12-22 16:05:32.447000000","1",""
"58095","15","2025-10-29 12:06:21.233000000","1",""
"58097","16","2025-10-29 12:07:23.463000000","1",""
"58110","22","2025-04-11 13:05:44.313000000","1","<p>N/A</p>"
"58113","6","2023-11-07 12:35:43.013000000","1",""
"58116","28","2025-03-18 17:24:40.290000000","1",""
"58120","16","2023-11-22 18:58:03.223000000","1","<p>N/A</p>"
"58121","15","2023-11-22 18:58:22.337000000","1","<p>N/A</p>"
"58127","19","2025-09-30 23:50:45.080000000","1",""
"58133","23","2025-03-18 11:47:30.477000000","1",""
"58136","22","2025-04-11 13:06:39.877000000","1","<p>N/A</p>"
"58152","9","2025-12-22 14:03:57.873000000","1",""
"58168","33","2026-01-13 15:44:01.730000000","1","<p>N/A</p>"
"58170","33","2026-01-13 15:44:31.720000000","1","<p>N/A</p>"
"58181","23","2024-01-08 13:56:07.213000000","1","<p>N/A</p>"
"58183","18","2025-09-22 13:19:13.783000000","1","<p>N/A</p>"
"58185","18","2025-09-22 13:20:49.583000000","1","<p>N/A</p>"
"58187","24","2024-01-08 13:56:45.510000000","1","<p>N/A</p>"
"58205","11","2024-06-18 13:55:31.450000000","1",""
"58207","34","2026-01-22 15:22:01.843000000","1",""
"58209","9","2026-01-22 20:04:11","1",""
"58211","24","2025-12-11 14:58:17.493000000","1",""
"58213","16","2025-04-22 17:24:51.680000000","1",""
"58218","17","2025-12-26 23:52:21.957000000","1",""
"58223","17","2026-01-09 15:51:35.430000000","1",""
"58227","19","2026-01-20 13:42:06.670000000","1",""
"58229","17","2026-01-20 13:42:39.920000000","1",""
"58243","7","2026-01-23 13:54:24.797000000","1",""
"58250","19","2026-01-23 14:14:12.843000000","1",""
"58264","8","2026-01-23 13:55:23.370000000","1",""
"58275","9","2022-07-01 17:29:40.457000000","1",""
"58277","13","2025-04-09 14:29:58.367000000","1",""
"58282","8","2023-06-19 19:26:36.050000000","1",""
"58287","5","2021-12-29 15:47:22.210000000","1",""
"58294","7","2021-12-15 19:29:27.590000000","1",""
"58308","18","2024-09-04 13:37:23.610000000","1",""
"58318","60","2025-11-03 13:44:29.313000000","1",""
"58321","7","2021-12-21 15:13:33.287000000","1",""
"58323","12","2025-09-16 16:00:13.477000000","1",""
"58324","35","2025-11-03 14:14:04.893000000","1",""
"58343","11","2022-01-28 16:21:56.990000000","1",""
"58350","22","2024-12-18 18:34:42.773000000","1",""
"58354","10","2024-04-12 13:41:52.800000000","1",""
"58359","13","2025-08-29 16:26:45.327000000","1",""
"58362","10","2023-11-08 14:12:36.600000000","1",""
"58364","32","2025-01-14 18:02:18.867000000","1",""
"58367","6","2021-12-28 21:23:47.787000000","1",""
"58371","12","2023-12-13 11:56:18.887000000","1",""
"58376","59","2026-01-20 13:32:39.910000000","1",""
"58392","13","2024-12-17 19:38:02.863000000","1",""
"58395","40","2026-01-22 15:27:21.690000000","1",""
"58403","24","2024-12-20 18:38:13.740000000","1",""
"58405","21","2024-12-20 18:40:03.550000000","1",""
"58406","26","2026-01-20 13:09:53.733000000","1",""
"58410","9","2022-01-14 13:55:22.250000000","1",""
"58414","11","2022-01-14 13:47:59.623000000","1",""
"58423","48","2025-12-05 14:35:38.693000000","1",""
"58428","24","2025-09-26 14:01:05.140000000","1",""
"58434","32","2026-01-20 13:31:50.770000000","1",""
"58436","13","2025-09-04 18:54:29.903000000","1",""
"58454","42","2026-01-20 13:49:24.850000000","1","<p>N/A</p>"
"58456","41","2026-01-20 13:51:36.613000000","1","<p>N/A</p>"
"58468","34","2026-01-22 15:40:52.700000000","1",""
"58471","10","2023-02-15 13:42:16.507000000","1",""
"58473","10","2024-06-18 13:01:15.053000000","1",""
"58477","19","2024-12-18 15:39:42.637000000","1",""
"58503","12","2023-08-22 15:20:43.023000000","1",""
"58559","30","2025-01-14 15:14:36.073000000","1",""
"58565","43","2026-01-23 13:30:02.627000000","1",""
"58573","10","2025-01-24 17:37:17.520000000","1",""
"58575","38","2026-01-23 14:10:49.417000000","1",""
"58577","33","2026-01-23 14:18:05.853000000","1",""
"58578","11","2023-11-16 19:25:20.667000000","1",""
"58582","17","2025-09-18 19:38:12.103000000","1",""
"58592","19","2025-09-26 14:06:34.920000000","1",""
"58609","6","2021-11-19 18:19:05.360000000","1",""
"58649","8","2025-04-21 16:47:21.627000000","1",""
"58652","27","2026-01-23 15:37:54.087000000","1","<p>N/A</p>"
"58656","8","2024-06-14 17:28:43.440000000","1",""
"58664","9","2024-04-04 12:36:19.870000000","1",""
"58673","7","2023-11-22 19:02:54.997000000","1",""
"58674","7","2023-11-22 19:03:15.007000000","1",""
"58677","5","2023-11-07 12:39:48.683000000","1",""
"58679","31","2026-01-23 14:53:47.137000000","1","<p>N/A</p>"
"58681","28","2026-01-23 14:54:31.620000000","1","<p>N/A</p>"
"58689","6","2023-09-19 13:22:32.487000000","1",""
"58695","11","2025-01-13 16:08:10.923000000","1",""
"58700","14","2025-01-17 14:17:20.600000000","1",""
"58706","12","2023-11-08 14:53:40.747000000","1",""
"58710","85","2026-01-13 14:19:21.953000000","1",""
"58713","10","2025-02-06 20:19:12.600000000","1",""
"58718","14","2025-01-17 13:20:44.903000000","1","<p>N/A</p>"
"58720","82","2026-01-13 15:55:22.463000000","1","<p>N/A</p>"
"58726","80","2026-01-13 15:56:37.200000000","1","<p>N/a</p>"
"58731","16","2025-03-06 18:09:52.657000000","1",""
"58734","18","2025-09-19 18:10:31.380000000","1",""
"58737","10","2023-11-15 12:45:39.010000000","1",""
"58741","17","2025-07-24 14:54:39.287000000","1",""
"58745","20","2025-03-14 19:03:50.013000000","1",""
"58747","56","2025-09-03 19:07:46.113000000","1",""
"58756","24","2026-01-22 16:01:12.130000000","1",""
"58759","11","2025-01-24 18:46:47.313000000","1",""
"58761","64","2026-01-22 16:17:48.557000000","1","<p>N/A</p>"
"58774","22","2026-01-22 19:58:09.683000000","1",""
"58777","11","2023-11-20 16:38:03.120000000","1",""
"58788","16","2025-09-04 19:02:12.997000000","1",""
"58795","15","2025-01-24 17:57:05.403000000","1",""
"58797","15","2025-01-24 17:58:11.570000000","1",""
"58801","80","2026-01-23 13:56:33.240000000","1",""
"58808","12","2023-07-14 11:34:24.403000000","1",""
"58810","11","2023-07-14 11:34:57.587000000","1",""
"58812","76","2026-01-23 13:57:21.427000000","1",""
"58814","11","2023-12-20 16:00:55.063000000","1",""
"58817","6","2023-11-07 16:43:54.407000000","1",""
"58821","7","2022-03-09 15:36:34.363000000","1","<p><span style=""background: white;"">The following ICD-10-PCS codes associated with CRT services may have diagnosis code limitations based on the related LCD</span></p>"
"58828","12","2025-06-12 16:53:09.123000000","1",""
"58833","17","2023-11-01 18:00:24.937000000","1",""
"58836","20","2023-05-11 16:14:08.617000000","1",""
"58865","24","2025-09-22 11:36:47.633000000","1","<p>N/A</p>"
"58872","6","2025-09-26 14:02:54.340000000","1",""
"58873","7","2025-09-26 14:13:35.940000000","1",""
"58876","8","2024-12-18 13:35:33.933000000","1",""
"58883","6","2023-03-08 14:23:30.553000000","1",""
"58893","18","2025-09-17 20:36:54.123000000","1","<p>N/A</p>"
"58917","90","2026-01-23 13:58:30.903000000","1",""
"58918","83","2026-01-23 13:59:34.360000000","1",""
"58921","10","2024-10-21 10:27:51.390000000","1",""
"58963","10","2025-07-16 15:41:29.243000000","1",""
"58973","26","2025-09-19 19:14:52.930000000","1","<p>N/A</p>"
"58975","26","2025-09-19 19:15:40.577000000","1","<p>N/A</p>"
"58982","19","2025-04-10 12:56:55.463000000","1",""
"58988","24","2025-04-15 11:39:47.347000000","1",""
"58993","16","2025-09-04 18:56:44.440000000","1",""
"58996","30","2025-04-15 12:37:32.140000000","1","<p>N/A</p>"
"58997","28","2025-04-15 12:39:50.280000000","1","<p>N/A</p>"
"58998","19","2025-04-14 12:10:38.463000000","1",""
"59004","20","2025-04-25 17:04:32.053000000","1",""
"59006","4","2023-11-07 12:36:50.983000000","1",""
"59015","3","2023-03-24 13:40:24.913000000","1",""
"59028","8","2023-12-13 00:31:38.747000000","1",""
"59030","9","2024-07-29 13:32:59.510000000","1",""
"59032","7","2023-11-22 17:23:11.367000000","1","<p>N/A</p>"
"59036","20","2025-12-08 14:51:22.417000000","1",""
"59040","12","2024-12-23 16:53:17.583000000","1",""
"59042","13","2024-08-08 18:09:08.983000000","1",""
"59049","16","2023-11-22 12:43:44.363000000","1",""
"59051","6","2025-02-06 19:17:00.443000000","1",""
"59055","14","2025-12-23 17:47:23.807000000","1","<p>N/A</p>"
"59060","3","2022-04-07 16:12:12.663000000","1",""
"59066","10","2025-10-31 21:06:19.220000000","1",""
"59101","27","2025-09-17 14:19:30.647000000","1",""
"59105","33","2025-12-22 14:19:53.500000000","1",""
"59109","7","2023-10-03 12:37:44.857000000","1",""
"59121","3","2023-03-22 12:01:22.980000000","1",""
"59123","28","2025-01-03 19:42:36.490000000","1",""
"59125","38","2025-01-03 19:41:29.290000000","1",""
"59126","5","2024-03-05 16:37:45.733000000","1",""
"59154","12","2025-03-18 17:11:38.407000000","1",""
"59158","9","2024-01-02 22:06:16.580000000","1",""
"59160","13","2025-08-14 18:05:50.013000000","1",""
"59163","6","2023-11-15 12:05:01.460000000","1",""
"59170","5","2023-08-22 19:03:46.350000000","1",""
"59175","10","2024-09-25 13:10:32.077000000","1",""
"59177","11","2024-09-25 13:11:36.737000000","1",""
"59179","10","2023-11-22 17:10:57.003000000","1","<p>N/A</p>"
"59186","22","2025-08-25 19:39:12.537000000","1",""
"59192","15","2024-11-08 16:43:50.070000000","1",""
"59205","3","2023-01-13 14:25:21.663000000","1",""
"59215","8","2025-02-25 17:09:52.720000000","1",""
"59217","4","2022-09-09 11:19:41.820000000","1",""
"59218","4","2022-09-09 11:20:33.500000000","1",""
"59233","18","2024-05-20 11:58:35.730000000","1",""
"59244","17","2024-05-31 17:09:36.840000000","1","<p>N/A</p>"
"59246","17","2024-05-31 17:13:45.140000000","1","<p>N/A</p>"
"59254","3","2022-09-20 12:24:34.227000000","1",""
"59257","11","2024-12-18 15:04:20.440000000","1",""
"59259","8","2024-11-20 13:59:47.867000000","1",""
"59261","7","2025-09-17 17:20:53.230000000","1","<p>N/A</p>"
"59268","27","2025-01-24 14:03:23.510000000","1",""
"59270","26","2025-01-24 14:03:59.770000000","1",""
"59295","6","2025-04-16 19:11:30.970000000","1",""
"59299","12","2025-12-01 15:23:24.300000000","1",""
"59311","9","2024-09-18 12:58:18.380000000","1","<p>The following ICD-10-PCS Codes were added, effective 10/01/2019: 30233U2, 30233U3, 30243U2, 30243U3.</p>"
"59318","12","2023-11-15 12:43:57.040000000","1",""
"59323","4","2024-12-03 17:14:53.783000000","1",""
"59332","11","2024-11-07 20:30:25.580000000","1",""
"59350","19","2025-08-13 19:11:01.087000000","1","<p><span style=""line-height: 115%;"">N/A</span></p>"
"59371","4","2025-08-20 14:28:23.040000000","1",""
"59374","14","2025-09-18 20:03:02.413000000","1",""
"59380","3","2024-06-28 13:40:37.347000000","1","<p>N/A</p>"
"59382","4","2024-06-28 11:41:21.523000000","1","<p>N/A</p>"
"59386","4","2024-06-28 14:07:23.573000000","1","<p>N/A</p>"
"59401","4","2024-06-28 14:08:24.283000000","1","<p>N/A</p>"
"59416","9","2025-10-24 17:47:29.223000000","1","<p>N/A</p>"
"59423","3","2023-11-07 13:39:13.650000000","1",""
"59429","3","2024-06-25 12:23:19.803000000","1",""
"59434","19","2025-09-16 17:56:25.813000000","1","<p>N/A</p>"
"59449","2","2023-06-01 15:03:46.653000000","1",""
"59462","4","2024-08-01 12:59:19.303000000","1",""
"59466","6","2023-12-11 04:44:05.160000000","1",""
"59468","5","2023-12-11 04:50:00.483000000","1",""
"59470","4","2024-06-07 12:15:47.613000000","1",""
"59472","4","2024-08-01 13:59:00.273000000","1",""
"59474","4","2025-05-13 19:14:46.330000000","1",""
"59476","4","2024-08-02 14:22:52.320000000","1",""
"59480","10","2025-09-18 19:56:26.547000000","1",""
"59482","4","2025-06-11 12:11:53.193000000","1",""
"59484","8","2025-01-02 16:02:07.370000000","1",""
"59487","14","2025-12-22 18:24:59.793000000","1",""
"59491","7","2023-07-21 14:46:44.037000000","1",""
"59498","6","2025-08-20 17:42:34.810000000","1",""
"59505","5","2024-08-02 11:56:44.570000000","1","<p>N/A</p>"
"59507","5","2024-08-02 11:57:21.657000000","1","<p>N/A</p>"
"59509","4","2024-06-07 12:35:20.720000000","1","<p>N/A</p>"
"59511","4","2024-06-07 12:38:07.460000000","1","<p>N/A</p>"
"59513","4","2024-08-01 12:27:55.427000000","1","<p>N/A</p>"
"59515","4","2024-08-01 12:29:11.610000000","1","<p>N/A</p>"
"59521","11","2025-01-02 13:12:49.390000000","1",""
"59529","10","2025-08-01 00:24:31.897000000","1",""
"59536","7","2025-01-23 20:22:49.203000000","1",""
"59549","3","2024-07-24 13:43:50.460000000","1",""
"59551","3","2024-07-24 13:55:15.907000000","1",""
"59553","11","2026-01-22 20:10:16.017000000","1",""
"59560","3","2024-06-05 12:00:51.320000000","1",""
"59561","3","2023-09-19 20:27:07.250000000","1",""
"59595","3","2024-06-03 11:31:32.577000000","1",""
"59608","30","2025-03-03 16:55:25.493000000","1",""
"59624","17","2025-09-04 18:53:05.613000000","1",""
"59632","19","2025-01-17 17:37:07.210000000","1",""
"59634","8","2025-01-13 15:19:23.113000000","1",""
"59636","31","2026-01-12 15:44:39.463000000","1",""
"59641","31","2026-01-13 15:39:04.137000000","1","<p>N/A</p>"
"59642","31","2026-01-13 15:39:43.717000000","1","<p>N/A</p>"
"59646","17","2026-01-12 13:15:38.057000000","1",""
"59649","27","2026-01-22 16:23:05.177000000","1","<p>N/A</p>"
"59654","4","2024-05-21 14:17:38.917000000","1",""
"59657","9","2025-07-17 23:00:57.213000000","1","<p>Part A providers use the following ICD-10-PCS Codes to report endovascular cardiac assist devices.</p>"
"59657","9","2025-07-17 23:00:57.227000000","2","<p>Part A providers use the following ICD-10-PCS Codes to report artificial heart devices.</p>
<p><strong>NOTE:</strong> Total artificial heart is reported with a &ldquo;cluster&rdquo; of 2 codes for open replacement with synthetic substitute of the right and left ventricles- 02RK0JZ + 02RL0JZ.</p>"
"59661","2","2024-01-16 18:29:07.250000000","1",""
"59664","13","2025-01-24 14:21:09.350000000","1",""
"59668","25","2025-01-17 15:11:32.043000000","1",""
"59672","5","2024-12-23 14:10:47.437000000","1",""
"59674","15","2025-01-17 15:12:16.840000000","1",""
"59678","4","2024-02-22 19:17:29.503000000","1",""
"59680","3","2024-02-16 18:32:52.840000000","1",""
"59682","4","2024-12-27 21:50:19.537000000","1",""
"59685","4","2024-02-23 14:22:38.830000000","1","<p>N/A</p>"
"59687","5","2024-02-23 14:23:18.217000000","1","<p>N/A</p>"
"59695","12","2025-12-23 11:46:35.467000000","1",""
"59698","3","2024-02-22 21:28:43.420000000","1",""
"59700","2","2024-02-28 13:08:05.193000000","1",""
"59707","10","2026-01-16 12:14:13.900000000","1",""
"59713","5","2024-05-20 14:00:21.190000000","1",""
"59714","5","2025-12-29 15:34:25.540000000","1",""
"59716","8","2026-01-05 14:14:54.920000000","1",""
"59718","10","2026-01-20 13:10:49.187000000","1",""
"59721","6","2026-01-16 14:27:39.550000000","1",""
"59723","5","2024-11-01 18:01:21.590000000","1",""
"59725","3","2024-05-23 12:18:32.360000000","1",""
"59726","8","2026-01-23 19:05:55.183000000","1",""
"59727","4","2024-05-23 22:26:32.730000000","1","<p>N/A</p>"
"59728","4","2024-05-23 22:28:12.970000000","1","<p>N/A</p>"
"59733","9","2025-12-22 18:33:07.450000000","1",""
"59741","4","2024-05-17 17:00:44.803000000","1",""
"59743","4","2024-05-17 11:51:08.707000000","1",""
"59744","4","2024-05-17 11:51:48.590000000","1","<p>N/A</p>"
"59752","4","2024-04-17 15:53:22.600000000","1",""
"59764","16","2026-01-23 14:19:04.017000000","1",""
"59766","29","2026-01-23 14:11:54.363000000","1",""
"59769","9","2025-12-23 12:01:46.890000000","1",""
"59792","3","2024-05-17 17:53:38.770000000","1",""
"59798","2","2024-05-21 12:23:03.123000000","1",""
"59805","18","2025-04-25 15:53:15.500000000","1",""
"59807","5","2024-11-06 21:55:02.070000000","1",""
"59808","2","2024-05-21 16:54:13.637000000","1",""
"59809","3","2026-01-02 14:31:24.513000000","1",""
"59811","5","2026-01-20 20:47:50.087000000","1",""
"59813","6","2026-01-22 18:57:23.530000000","1",""
"59819","18","2025-03-20 20:42:05.787000000","1","<p>Single and Dual Chamber Leadless Pacemakers</p>"
"59826","2","2024-07-23 14:50:41.703000000","1",""
"59827","7","2025-11-10 14:25:37.970000000","1",""
"59834","4","2024-07-23 13:58:21.260000000","1",""
"59835","7","2025-11-14 13:04:53.670000000","1",""
"59836","4","2024-07-23 13:59:08.720000000","1",""
"59837","7","2025-11-14 13:05:32.157000000","1",""
"59846","2","2024-08-19 13:21:44.693000000","1",""
"59847","8","2025-09-16 12:46:06.463000000","1",""
"59848","3","2024-08-19 13:20:41.913000000","1",""
"59849","8","2025-09-18 14:46:44.053000000","1",""
"59859","3","2024-09-30 13:10:20.180000000","1",""
"59860","5","2025-08-22 15:36:03.897000000","1",""
"59861","3","2024-09-30 13:09:47.020000000","1",""
"59862","7","2025-09-19 17:11:59.643000000","1",""
"59863","3","2024-07-11 16:08:52.597000000","1",""
"59864","3","2024-07-11 16:14:14.477000000","1",""
"59866","3","2025-02-18 14:09:52.130000000","1",""
"59867","3","2024-08-19 15:02:13.117000000","1",""
"59868","8","2025-09-19 13:35:19.540000000","1",""
"59869","3","2024-08-19 15:03:26.293000000","1",""
"59871","3","2024-08-19 15:06:38.893000000","1",""
"59872","8","2025-09-19 13:39:05.660000000","1",""
"59873","3","2024-08-19 15:07:54.250000000","1",""
"59874","8","2025-09-19 13:39:33.390000000","1",""
"59878","4","2025-01-24 20:11:22","1",""
"59880","3","2025-02-18 17:08:42.077000000","1",""
"59882","6","2025-09-04 18:59:33.327000000","1",""
"59892","2","2024-08-16 18:25:16.357000000","1",""
"59898","2","2024-09-23 12:27:59.557000000","1",""
"59905","2","2024-08-21 16:34:53.260000000","1",""
"59906","6","2025-10-22 15:46:02.370000000","1","<p>N/A</p>"
"59907","2","2024-08-21 16:38:29.840000000","1",""
"59908","6","2025-09-17 18:40:36.063000000","1","<p>N/A</p>"
"59915","26","2025-12-22 14:05:55.950000000","1",""
"59918","3","2024-09-30 15:06:18.887000000","1",""
"59919","5","2025-11-14 13:10:49.413000000","1",""
"59933","9","2024-10-04 15:29:36.297000000","1",""
"59938","2","2024-10-03 12:09:37.160000000","1",""
"59939","5","2025-11-18 17:41:35.553000000","1",""
"59940","5","2024-10-04 15:30:23.443000000","1",""
"59956","3","2025-01-31 15:29:26.407000000","1",""
"59960","3","2025-01-31 15:27:56.463000000","1",""
"59970","2","2025-01-31 15:28:41.650000000","1",""
"59971","3","2025-09-05 14:00:09.437000000","1",""
"59972","4","2025-02-07 16:23:56.133000000","1",""
"59973","6","2025-09-04 14:32:13.873000000","1",""
"59975","2","2025-01-31 12:31:31.297000000","1",""
"59976","4","2025-09-02 20:38:50.873000000","1",""
"59977","2","2025-01-31 12:32:04.613000000","1",""
"59980","3","2025-01-31 12:20:36.103000000","1",""
"59981","3","2025-09-03 10:53:52.427000000","1",""
"60145","6","2025-07-09 12:21:59.813000000","1",""
"60151","6","2025-07-11 15:54:49.367000000","1",""
"60154","6","2025-07-11 15:55:34.930000000","1","<p>N/A</p>"
"60160","6","2025-07-10 11:35:33.847000000","1",""
"60176","9","2026-01-08 13:07:46.877000000","1",""
"60177","5","2025-05-09 11:26:42.237000000","1",""
"60178","3","2025-05-06 21:48:45.043000000","1",""
"60179","4","2025-05-06 21:54:09.720000000","1",""
"60180","4","2025-05-08 12:36:56.947000000","1",""
"60181","8","2026-01-09 16:23:24.477000000","1",""
"60182","2","2025-05-05 10:44:57.633000000","1",""
"60184","3","2025-05-08 17:54:14.157000000","1",""
"60185","7","2026-01-08 13:10:45.897000000","1",""
"60186","3","2025-05-05 11:29:20.267000000","1",""
"60187","3","2025-05-05 11:07:13.027000000","1",""
"60194","2","2025-05-06 15:04:53.340000000","1",""
"60195","4","2025-05-22 20:22:10.507000000","1",""
"60196","4","2025-05-22 20:22:41.983000000","1",""
"60204","7","2025-08-18 13:50:44.057000000","1",""
"60210","3","2025-05-08 20:58:52.767000000","1",""
"60211","6","2026-01-09 20:59:26.163000000","1",""
"60212","2","2025-05-07 16:57:58.930000000","1",""
"60213","9","2026-01-08 18:08:51.467000000","1",""
"60214","4","2025-08-21 18:29:10.780000000","1",""
"60216","4","2025-08-22 14:21:18.123000000","1",""
"60221","3","2025-09-19 13:10:02.377000000","1",""
"60234","3","2025-07-17 14:52:46.103000000","1",""
"60235","3","2025-08-18 14:00:09.930000000","1",""
"60238","3","2025-08-22 13:39:43.783000000","1",""
"60240","3","2025-08-21 18:28:22.660000000","1",""
"60244","2","2025-09-18 15:32:47.200000000","1",""
"60245","3","2025-11-24 14:22:09.733000000","1",""
"60246","3","2025-09-19 13:11:25.187000000","1",""
"60249","5","2025-09-18 15:34:00.673000000","1",""
"60250","6","2026-01-22 14:29:48.623000000","1",""
"60255","5","2025-08-18 13:55:45.763000000","1",""
"60271","2","2025-08-22 14:02:20.640000000","1",""
"60273","2","2025-07-11 19:17:48.607000000","1",""
"60275","2","2025-07-18 11:41:50.580000000","1",""
"60276","3","2025-09-03 17:34:46.893000000","1","<p>N/A</p>"
"60278","6","2025-09-19 13:32:10.180000000","1",""
"60285","4","2025-09-19 13:10:56.390000000","1",""
"60291","2","2025-09-17 13:34:11.893000000","1",""
"60293","3","2025-08-21 18:27:03.493000000","1",""
"60295","3","2025-09-17 13:30:49.280000000","1",""
"60297","3","2025-09-19 13:12:09.150000000","1",""
"60299","3","2025-09-16 18:35:55.083000000","1",""
"60301","3","2025-09-18 14:45:05.753000000","1",""
"60304","3","2025-09-18 15:45:11.020000000","1",""
"60305","2","2025-08-19 14:40:00.203000000","1","<p>N/A</p>"
"60307","3","2025-09-15 16:48:05.717000000","1","<p>N/A</p>"
"60309","3","2025-09-15 17:12:39.473000000","1","<p>N/A</p>"
"60314","5","2025-09-05 17:38:50.253000000","1","<p>N/A</p>"
"60317","4","2025-09-05 17:42:49.710000000","1","<p>N/A</p>"
"60321","2","2025-09-16 17:46:48.033000000","1","<p>N/A</p>"
"60323","3","2026-01-08 13:42:51.193000000","1",""
"60325","2","2025-09-18 18:47:23.983000000","1",""
"60360","4","2026-01-09 13:29:34.357000000","1",""
"60374","4","2026-01-09 14:50:42.230000000","1",""
"60376","3","2026-01-08 15:31:20.640000000","1",""
"60380","5","2026-01-08 19:39:13.113000000","1",""
"60390","3","2026-01-22 17:54:26.247000000","1",""
"60393","2","2026-01-22 19:04:57.430000000","1",""
"60397","5","2026-01-16 23:44:17.300000000","1",""
