lcd_id,lcd_version,reason_change_id,reason_change_version,last_updated,"reason_change_other"
33252,29,82,3,2020-06-19 22:52:07.837000000,"Revision based on CMS directive"
33261,40,70,3,2021-05-21 14:22:14.223000000,""
33267,17,82,3,2019-11-21 23:30:58.100000000,"Revision based on CR 10901"
33274,43,76,3,2025-09-19 13:08:10.563000000,""
33312,40,55,3,2025-09-23 19:55:07.483000000,""
33317,34,55,3,2025-03-27 12:50:40.110000000,""
33317,34,73,3,2025-03-27 12:50:40.110000000,""
33318,63,55,3,2025-12-04 18:13:27.117000000,""
33318,63,76,3,2025-12-04 18:13:27.117000000,""
33369,26,55,3,2020-02-28 20:03:20.503000000,""
33369,26,82,3,2020-02-28 20:03:20.503000000,""
33370,55,55,3,2025-12-11 16:52:04.963000000,""
33370,55,76,3,2025-12-11 16:52:04.963000000,""
33393,9,82,3,2023-11-07 22:08:52.697000000,"(Technical update)"
33394,54,76,3,2025-05-22 13:38:26.700000000,""
33396,10,105,3,2019-10-18 14:28:55.340000000,""
33398,35,55,3,2025-07-17 13:37:27.967000000,""
33399,14,73,3,2019-12-20 17:21:50.033000000,""
33405,25,82,3,2020-06-19 22:57:32.407000000,"Revision based on CMS directive"
33411,29,72,3,2019-10-02 20:01:15.203000000,""
33411,29,82,3,2019-10-02 20:01:15.203000000,"Revisions based on CRs 10901, 11322, 11333"
33417,40,55,3,2021-04-05 19:41:21.767000000,""
33420,41,55,3,2021-02-25 14:46:39.263000000,""
33422,44,55,3,2025-12-29 15:05:41.517000000,""
33423,58,55,3,2025-06-20 13:43:45.387000000,""
33428,53,55,3,2021-07-23 13:55:57.137000000,""
33431,59,55,3,2025-09-12 14:31:46.170000000,""
33436,38,55,3,2023-11-10 13:33:12.840000000,""
33438,47,55,3,2024-07-12 13:09:21.227000000,""
33444,42,55,3,2024-12-23 14:14:07.640000000,""
33445,79,55,3,2025-10-17 13:31:43.890000000,""
33446,47,55,3,2021-06-18 14:58:02.263000000,""
33447,48,55,3,2024-09-10 13:47:08.253000000,""
33449,36,55,3,2019-11-09 15:55:07.880000000,""
33455,31,55,3,2021-09-03 12:52:54.543000000,""
33456,71,55,3,2023-06-05 14:08:41.027000000,""
33457,61,55,3,2023-03-14 13:39:27.127000000,""
33458,69,55,3,2021-05-20 13:31:47.383000000,""
33459,43,55,3,2024-06-07 13:39:46.233000000,""
33461,64,55,3,2024-03-01 14:55:00.330000000,""
33467,49,55,3,2023-05-01 14:04:49.193000000,""
33557,47,55,3,2025-11-14 18:47:15.560000000,""
33558,32,105,3,2019-09-11 17:29:09.300000000,""
33559,28,70,3,2022-02-02 17:59:58.340000000,""
33560,35,82,3,2023-09-28 18:25:16.297000000,"Revised to comply with CR 13094."
33563,26,105,3,2019-09-05 13:22:51.263000000,""
33567,27,105,3,2019-09-16 13:37:43.457000000,""
33569,31,55,3,2025-11-13 20:11:36.513000000,""
33573,24,105,3,2019-11-01 14:07:13.787000000,""
33574,37,105,3,2019-09-11 18:25:14.560000000,""
33575,43,75,3,2022-06-28 19:37:33.123000000,""
33576,23,105,3,2019-10-17 19:23:22.703000000,""
33577,43,105,3,2019-09-17 16:54:27.620000000,""
33578,17,105,3,2019-10-04 14:45:57.883000000,""
33579,38,55,3,2024-10-03 12:08:58.333000000,""
33580,40,105,3,2019-12-13 18:21:03.130000000,""
33583,21,72,3,2019-10-02 19:21:14.787000000,""
33583,21,82,3,2019-10-02 19:21:14.787000000,"Revisions based on CRs 10901, 11332, 11333"
33585,33,105,3,2019-10-18 14:42:07.290000000,""
33591,18,105,3,2019-11-01 15:27:54.277000000,""
33609,14,82,3,2020-12-31 15:54:33.027000000,"Revision based on TDL 200268"
33610,61,73,3,2024-12-13 12:07:38.227000000,""
33611,25,55,3,2021-06-18 15:48:24.730000000,""
33611,25,76,3,2021-06-18 15:48:24.730000000,""
33612,26,55,3,2023-12-07 16:05:12.877000000,""
33612,26,82,3,2023-12-07 16:05:12.877000000,"CMS Final Rule CMS-1780-F"
33614,26,105,3,2019-11-01 16:14:23.640000000,""
33616,10,105,3,2019-11-14 13:32:11.160000000,""
33618,23,82,3,2019-11-22 00:16:56.627000000,"Revision based on CR 10901"
33619,24,105,3,2019-09-17 20:17:34.223000000,""
33621,15,105,3,2019-09-11 17:43:19.857000000,""
33622,35,55,3,2024-02-05 15:08:27.230000000,""
33623,25,105,3,2019-11-01 14:26:52.597000000,""
33624,33,105,3,2019-11-08 15:59:36.370000000,""
33626,44,55,3,2025-01-17 18:43:56.590000000,""
33627,89,75,3,2020-06-19 13:25:53.090000000,""
33628,33,105,3,2019-09-11 17:49:46.250000000,""
33630,27,105,3,2019-09-05 17:11:46.303000000,""
33631,51,105,3,2019-12-18 19:45:01.450000000,""
33632,82,55,3,2024-01-03 20:33:23.433000000,""
33633,49,105,3,2019-09-17 16:55:58.637000000,""
33636,52,82,3,2022-08-11 19:17:37.917000000,""
33641,21,55,3,2020-02-14 15:56:28.640000000,""
33641,21,82,3,2020-02-14 15:56:28.640000000,""
33642,26,55,3,2021-03-12 14:27:15.643000000,""
33646,39,55,3,2021-04-23 12:46:41.093000000,""
33667,22,72,3,2019-10-02 19:23:35.243000000,""
33667,22,82,3,2019-10-02 19:23:35.260000000,"Revisions based on CRs 10901, 11322, 11333"
33671,48,70,3,2021-01-29 19:04:07.853000000,""
33671,48,71,3,2021-01-29 19:04:07.853000000,""
33674,10,82,3,2019-11-21 23:26:33.537000000,"Revision based on CR 10901"
33686,41,55,3,2025-03-25 17:40:03.030000000,""
33686,41,73,3,2025-03-25 17:40:03.030000000,""
33689,17,82,3,2019-11-22 00:19:52.600000000,"Revision based on CR 10901"
33690,20,82,3,2020-02-13 15:00:35.830000000,""
33692,21,55,3,2021-03-11 17:42:07.383000000,""
33692,21,82,3,2021-03-11 17:42:07.383000000,""
33693,28,70,3,2023-12-08 14:07:06.693000000,""
33695,26,82,3,2019-11-21 23:53:49.523000000,"Revision based on CR10901"
33718,52,55,3,2023-12-07 15:39:56.283000000,""
33718,52,82,3,2023-12-07 15:39:56.283000000,"CMS Final Rule CMS-1780-F"
33733,19,82,3,2020-02-13 15:03:55.230000000,""
33735,19,82,3,2020-02-13 15:07:16.460000000,""
33736,20,82,3,2020-02-13 15:23:53.783000000,""
33737,20,55,3,2020-02-14 15:06:48.587000000,""
33737,20,82,3,2020-02-14 15:06:48.587000000,""
33738,18,55,3,2020-02-14 15:20:12.950000000,""
33738,18,82,3,2020-02-14 15:20:12.950000000,""
33739,23,55,3,2025-10-23 15:41:54.270000000,""
33751,43,82,3,2022-01-28 19:43:29.337000000,"Typo"
33756,23,72,3,2019-10-02 20:15:03.390000000,""
33756,23,82,3,2019-10-02 20:15:03.407000000,"Revisions based on CRs 10901, 11322, 11333"
33766,25,82,3,2019-11-21 23:29:38.430000000,"Revision based on CR 10901"
33771,42,82,3,2020-10-23 11:48:42.533000000,"To comply with CR 10901 and new GWS template."
33774,15,82,3,2019-12-06 14:18:44.877000000,""
33784,21,82,3,2020-02-14 17:24:42.973000000,""
33785,40,73,3,2022-11-11 16:09:24.250000000,""
33786,16,82,3,2020-02-14 17:26:33.470000000,""
33787,38,55,3,2025-10-14 16:30:29.843000000,""
33787,38,73,3,2025-10-14 16:30:29.843000000,""
33788,15,55,3,2020-02-14 19:47:57.833000000,""
33788,15,82,3,2020-02-14 19:47:57.833000000,""
33789,38,55,3,2025-10-23 16:55:32.117000000,""
33789,38,73,3,2025-10-23 16:55:32.117000000,""
33790,20,55,3,2020-02-28 19:37:39.567000000,""
33790,20,82,3,2020-02-28 19:37:39.567000000,""
33791,15,55,3,2020-02-14 19:36:03.500000000,""
33791,15,82,3,2020-02-14 19:36:03.500000000,""
33792,43,55,3,2025-10-23 16:58:10.750000000,""
33793,20,73,3,2020-10-09 14:39:09.520000000,""
33794,157,55,3,2025-12-04 14:16:47.353000000,""
33794,157,76,3,2025-12-04 14:16:47.353000000,""
33795,29,82,3,2020-02-13 18:29:06.700000000,""
33796,24,55,3,2023-12-07 16:02:52.427000000,""
33796,24,82,3,2023-12-07 16:02:52.427000000,"CMS Final Rule CMS-1780-F"
33797,50,55,3,2023-04-14 14:44:48.630000000,""
33797,50,82,3,2023-04-14 14:44:48.630000000,"NCD 240.2 updates"
33799,15,55,3,2020-02-14 17:00:49.880000000,""
33799,15,82,3,2020-02-14 17:00:49.880000000,""
33800,43,55,3,2025-10-22 19:26:49.317000000,""
33800,43,82,3,2025-10-22 19:26:49.317000000,"NCD 240.9"
33801,26,55,3,2023-05-11 16:29:16.180000000,""
33801,26,76,3,2023-05-11 16:29:16.180000000,""
33802,35,55,3,2023-12-07 16:05:36.487000000,""
33802,35,82,3,2023-12-07 16:05:36.487000000,"CMS Final Rule CMS-1780-F"
33803,57,55,3,2025-12-31 14:09:58.923000000,""
33803,57,73,3,2025-12-31 14:09:58.923000000,""
33813,15,82,3,2019-11-22 23:51:45.493000000,"Revision based on CR 10901"
33818,15,82,3,2019-11-22 23:59:45.703000000,"Revision based on CR10901"
33820,21,82,3,2020-02-13 18:29:06.557000000,""
33821,28,55,3,2023-12-07 16:01:25.477000000,""
33821,28,82,3,2023-12-07 16:01:25.477000000,"CMS Final Rule CMS-1780-F"
33822,70,55,3,2024-10-09 17:58:34.553000000,""
33822,70,73,3,2024-10-09 17:58:34.553000000,""
33823,26,82,3,2020-02-13 14:39:15.050000000,""
33824,56,55,3,2025-12-31 13:40:34.273000000,""
33824,56,73,3,2025-12-31 13:40:34.273000000,""
33825,17,82,3,2020-02-13 14:39:15.287000000,""
33826,22,55,3,2025-12-31 13:44:39.280000000,""
33826,22,73,3,2025-12-31 13:44:39.280000000,""
33827,55,55,3,2025-12-31 13:57:29.067000000,""
33827,55,73,3,2025-12-31 13:57:29.067000000,""
33828,27,55,3,2023-12-07 16:25:33.037000000,""
33828,27,82,3,2023-12-07 16:25:33.037000000,"CMS Final Rule CMS-1780-F"
33830,22,55,3,2021-03-12 14:26:36.030000000,""
33831,48,55,3,2024-02-08 14:03:11.307000000,""
33831,48,82,3,2024-02-08 14:03:11.307000000,"CMS Final Rule CMS-1780-F"
33832,18,55,3,2023-12-07 16:24:19.803000000,""
33832,18,82,3,2023-12-07 16:24:19.803000000,"CMS Final Rule CMS-1780-F"
33833,26,82,3,2025-03-14 11:32:41.873000000,"In response to Executive Order 14168"
33906,59,82,3,2023-10-13 11:05:18.633000000,"Inquiry"
33912,16,72,3,2019-10-02 20:28:20.253000000,""
33912,16,82,3,2019-10-02 20:28:20.253000000,"Revisions based on CRs 10901, 11332, 11333"
33922,12,82,3,2019-11-23 00:07:50.503000000,"Revision based on CR10901"
33923,14,72,3,2019-10-02 20:30:45.970000000,""
33923,14,82,3,2019-10-02 20:30:45.970000000,"Revisions based on CRs 10901, 11322"
33930,49,75,3,2024-08-02 18:34:08.893000000,""
33933,30,82,3,2019-11-23 00:34:54.393000000,"Revision based on CR 10901"
33937,18,82,3,2019-10-25 16:14:15.983000000,"Revision based on CR 10901"
33941,23,72,3,2019-10-02 20:32:12.240000000,""
33941,23,82,3,2019-10-02 20:32:12.240000000,"Revisions based on CRs 10901, 11322"
33942,49,82,3,2025-07-29 15:46:48.353000000,"Annual Review "
33943,24,82,3,2025-11-26 22:15:06.557000000,"Annual Review "
33944,27,82,3,2025-10-31 20:22:55.147000000,"Annual Review "
33945,20,82,3,2025-01-31 18:58:07.063000000,"Annual Review "
33946,17,82,3,2025-10-31 20:17:46.300000000,"Annual Review "
33947,25,82,3,2025-09-30 23:08:06.353000000,"Annual Review "
33949,25,82,3,2025-01-31 18:13:16.827000000,"Annual Review "
33950,38,82,3,2025-11-26 22:11:40.583000000,"Annual Review"
33952,19,82,3,2025-11-26 22:18:05.193000000,"Annual Review"
33954,26,82,3,2023-12-29 17:37:07.853000000,"Annual Review"
33958,14,82,3,2019-10-16 20:45:53.117000000,"Revision based on CR 10901"
33959,36,82,3,2025-10-31 20:27:33.743000000,"Annual Review "
33960,26,82,3,2025-01-31 18:48:04.383000000,"Annual Review"
33966,18,72,3,2019-10-02 20:34:12.770000000,""
33966,18,82,3,2019-10-02 20:34:12.770000000,"Revisions based on CRs 10901, 11322"
33967,25,82,3,2021-02-19 15:26:00.870000000,"IOM Manual change"
33975,25,82,3,2021-07-02 13:38:55.270000000,"Revision based on CR 12254"
33977,18,76,3,2019-10-25 16:34:54.560000000,""
33977,18,82,3,2019-10-25 16:34:54.577000000,"Revisions based on CR 10901"
33996,32,82,3,2025-07-29 14:52:19.767000000,"Annual Review"
33999,20,82,3,2025-01-31 19:35:56.423000000,"Annual Review "
34005,33,82,3,2025-01-31 16:03:44.837000000,"Annual Review "
34007,48,70,3,2022-12-16 13:47:09.357000000,""
34008,22,82,3,2025-01-31 19:34:12.823000000,"Annual Review "
34018,18,82,3,2021-11-05 13:37:46.070000000,"Revised in response to CMS CR 12079"
34021,18,82,3,2019-11-21 23:47:16.613000000,"Revision based on CR10901"
34027,14,82,3,2019-09-18 13:19:44.200000000,"Revisions based on CR 10901"
34028,16,69,3,2021-01-29 16:02:40.830000000,""
34032,34,82,3,2025-09-26 21:52:28.880000000,"Annual Review "
34037,21,82,3,2025-02-21 17:26:42.423000000,"Annual Review "
34038,31,55,3,2025-11-14 12:35:34.033000000,""
34038,31,75,3,2025-11-14 12:35:34.033000000,""
34045,38,82,3,2025-10-31 20:30:42.823000000,"Annual Review "
34046,29,82,3,2025-07-29 14:50:20.440000000,"Annual Review "
34049,35,82,3,2025-05-23 19:44:02.257000000,"Annual Review "
34056,27,82,3,2025-09-26 21:35:32.580000000,"Annual Review "
34061,25,82,3,2025-07-29 14:49:01.200000000,"Annual Review "
34062,41,82,3,2025-01-31 16:33:15.993000000,"Annual Review"
34063,18,82,3,2025-07-31 16:25:30.730000000,"Annual Review "
34064,22,82,3,2025-03-18 16:38:39.073000000,"Annual Review "
34074,38,75,3,2026-01-20 13:36:25.450000000,""
34081,25,82,3,2025-02-25 16:50:00.737000000,"Annual Review"
34082,30,82,3,2025-10-03 22:27:18.423000000,"Annual Review "
34084,23,82,3,2025-08-29 16:52:26.203000000,"Annual review"
34085,17,82,3,2025-03-26 16:25:21.960000000,"Annual Review "
34087,20,82,3,2025-08-29 16:57:01.140000000,"Annual review "
34090,21,82,3,2025-03-18 15:16:57.633000000,"Annual Review "
34149,52,79,3,2025-10-07 13:39:17.990000000,""
34163,33,82,3,2025-10-27 13:34:06.500000000,"Change in Affiliated Contract Numbers"
34171,17,82,3,2025-05-30 20:58:26.743000000,"Annual Review "
34175,31,82,3,2025-05-30 18:57:33.580000000,"Annual Review "
34181,26,82,3,2025-05-23 18:44:41.200000000,"Annual Review "
34183,19,82,3,2025-03-26 18:22:09.193000000,"Annual Review "
34194,27,82,3,2025-10-08 11:52:37.150000000,"Change in Affiliated Contract Numbers "
34195,27,82,3,2025-04-25 20:23:52.630000000,"Annual Review "
34196,29,82,3,2025-03-26 19:04:20.543000000,"Annual Review "
34200,29,82,3,2025-07-31 17:05:49.687000000,"Annual Review "
34203,26,79,3,2025-09-02 13:55:31.843000000,""
34209,41,82,3,2025-10-08 11:57:23.870000000,"Change in Affiliated Contract Numbers "
34211,40,82,3,2025-10-14 14:10:52.567000000,"Change in Affiliated Contract Numbers "
34213,54,82,3,2025-10-27 13:32:54.440000000,"Change in Affiliated Contract Numbers"
34215,59,79,3,2025-10-27 12:14:34.157000000,""
34218,26,79,3,2025-09-02 13:55:32.460000000,""
34220,40,82,3,2025-10-14 14:09:12.890000000,"Change in Affiliated Contract Numbers "
34228,54,57,3,2025-11-13 22:32:18.557000000,""
34233,36,82,3,2025-10-14 14:08:45.337000000,"Change in Affiliated Contract Numbers"
34246,25,82,3,2025-07-29 14:17:12.277000000,"Annual Review "
34313,18,72,3,2019-09-18 20:28:46.187000000,""
34313,18,105,3,2019-09-18 20:28:46.187000000,""
34314,52,75,3,2026-01-20 13:34:52.137000000,""
34315,41,82,3,2025-10-27 13:33:18.590000000,"Change in Affiliated Contract Numbers"
34324,38,82,3,2025-10-08 11:53:03.793000000,"Change in Affiliated Contract Numbers "
34328,44,82,3,2025-10-14 14:10:28.037000000,"Change in Affiliated Contract Numbers "
34337,23,82,3,2025-08-29 17:12:05.280000000,"Annual review"
34338,34,82,3,2025-09-26 21:32:46.493000000,"Annual Review "
34353,34,55,3,2025-10-03 22:30:24.537000000,""
34356,30,82,3,2025-02-25 16:54:16.710000000,"Annual Review "
34372,22,82,3,2020-06-19 23:03:18.740000000,"Revision based on CMS directive"
34380,41,105,3,2019-09-11 17:53:42.303000000,""
34393,24,82,3,2025-04-25 20:35:53.350000000,"Annual Review"
34394,27,82,3,2025-09-26 21:40:04.463000000,"Annual Review "
34399,29,82,3,2025-05-23 19:00:52.150000000,"Annual Review "
34410,46,55,3,2025-12-22 16:03:50.887000000,""
34411,46,55,3,2021-05-14 12:08:17.450000000,""
34413,53,55,3,2024-11-14 12:41:41.287000000,""
34415,58,55,3,2022-07-07 19:56:19.303000000,""
34417,57,55,3,2023-08-07 14:35:20.550000000,""
34419,43,55,3,2024-01-19 15:27:05.900000000,""
34424,47,55,3,2024-12-06 14:10:33.903000000,""
34425,43,55,3,2025-02-11 21:03:48.647000000,""
34426,55,55,3,2021-07-06 14:32:38.990000000,""
34427,100,55,3,2023-04-03 14:41:01.380000000,""
34428,93,55,3,2023-05-08 14:05:03.023000000,""
34429,63,55,3,2022-12-02 16:36:22.410000000,""
34429,63,82,3,2022-12-02 16:36:22.410000000,"LCD revision that makes a Non-Discretionary Coverage Update - Contractors shall update LCDs to reflect changes in Statutes, Federal regulations, CMS Rulings, NCDs, HCPCS code changes for DME, coverage provisions in interpretive manuals, and payment policies."
34430,46,55,3,2021-07-16 12:59:56.857000000,""
34431,60,55,3,2021-08-02 19:02:20.987000000,""
34433,43,55,3,2024-09-06 13:36:01.303000000,""
34434,68,55,3,2025-05-29 13:06:54.523000000,""
34454,67,55,3,2024-12-13 15:31:40.087000000,""
34512,48,75,3,2022-06-01 14:48:13.937000000,""
34513,41,55,3,2023-08-01 13:30:10.580000000,""
34519,33,82,3,2021-12-03 13:39:17.443000000,"Revised due to a new related LCD."
34520,32,82,3,2020-06-19 23:06:03.347000000,"Revision based on CMS directive"
34521,7,82,3,2019-11-21 23:42:25.600000000,"Revision based on CR10901"
34522,29,70,3,2022-10-21 14:48:47.407000000,""
34526,24,82,3,2025-06-16 19:53:40.627000000,"Review"
34528,38,82,3,2025-12-22 19:56:10.243000000,""
34536,36,82,3,2025-08-20 19:23:21.233000000,"Review"
34537,45,55,3,2021-09-03 12:52:17.397000000,""
34538,20,82,3,2025-07-29 15:30:30.653000000,"Annual Review "
34539,15,82,3,2025-03-28 21:02:22.543000000,"Annual Review "
34540,15,82,3,2025-08-29 16:35:37.723000000,"Annual Review "
34541,21,82,3,2025-09-26 21:29:32.450000000,"Annual Review "
34544,47,55,3,2024-07-23 15:47:04.930000000,""
34547,40,55,3,2024-11-06 19:24:38.180000000,""
34548,43,55,3,2024-03-11 13:41:15.383000000,""
34551,36,55,3,2025-07-03 13:06:06.030000000,""
34552,40,55,3,2024-12-13 15:30:52.540000000,""
34553,47,55,3,2024-07-08 13:38:00.647000000,""
34554,34,55,3,2024-07-02 19:54:29.053000000,""
34558,40,55,3,2023-12-29 17:59:04.383000000,""
34559,43,55,3,2024-11-13 14:22:41.743000000,""
34560,76,55,3,2022-06-03 23:05:09.523000000,""
34561,69,55,3,2023-11-03 16:02:26.037000000,""
34562,45,55,3,2025-07-28 14:12:06.243000000,""
34563,51,55,3,2023-05-01 14:03:09.140000000,""
34564,83,55,3,2024-05-17 13:26:57.183000000,""
34565,40,55,3,2023-11-21 14:58:50.400000000,""
34567,43,55,3,2024-02-23 13:43:02.167000000,""
34570,52,55,3,2025-04-09 15:19:10.780000000,""
34573,28,55,3,2024-02-27 14:54:54.207000000,""
34573,28,69,3,2024-02-27 14:54:54.207000000,""
34575,43,55,3,2023-06-05 14:09:28.300000000,""
34576,72,55,3,2025-07-03 13:06:35.243000000,""
34577,64,55,3,2019-10-29 13:38:05.523000000,""
34578,30,55,3,2023-08-07 14:34:47.700000000,""
34580,57,55,3,2024-03-28 15:28:35.577000000,""
34594,42,82,3,2025-05-20 17:30:00.323000000,"Review"
34596,52,82,3,2025-10-21 19:14:41.653000000,"Review"
34614,43,82,3,2024-08-21 17:46:01.463000000,"Review"
34615,42,82,3,2025-05-20 16:37:52.927000000,"Review"
34616,44,82,3,2025-10-21 19:37:59.767000000,"Review"
34623,38,82,3,2025-12-22 18:39:14.123000000,"(Review)"
34624,42,82,3,2025-08-20 19:37:21.927000000,"Review"
34633,54,76,3,2025-05-20 19:48:15.950000000,""
34633,54,82,3,2025-05-20 19:48:15.950000000,""
34635,36,55,3,2025-08-20 16:57:51.810000000,""
34636,38,82,3,2025-08-20 19:07:13.537000000,""
34641,25,55,3,2024-04-16 13:25:48.707000000,""
34645,51,82,3,2025-08-20 16:43:17.143000000,""
34646,26,55,3,2024-10-21 19:08:17.663000000,""
34648,31,82,3,2025-12-22 20:25:22.220000000,""
34658,36,82,3,2025-08-20 17:42:24.090000000,"Review"
34659,30,76,3,2024-08-21 17:36:58.267000000,""
34659,30,82,3,2024-08-21 17:36:58.267000000,""
34760,27,82,3,2025-06-17 16:52:50.327000000,"Review"
34761,34,82,3,2025-10-21 14:56:24.373000000,"Review"
34771,49,82,3,2024-02-21 13:02:36.750000000,"(Review)"
34821,21,55,3,2020-02-21 19:19:45.260000000,""
34821,21,82,3,2020-02-21 19:19:45.260000000,""
34823,27,55,3,2020-02-21 14:37:48.930000000,""
34823,27,82,3,2020-02-21 14:37:48.930000000,""
34824,21,82,3,2020-02-13 15:27:43.927000000,""
34833,94,82,3,2020-08-07 12:16:43.957000000,"Non-substantive revision"
34859,34,70,3,2023-10-20 14:23:10.187000000,""
34865,72,82,3,2020-06-19 10:56:49.040000000,"Revised in response to CMS direction"
34869,42,55,3,2025-01-07 13:08:27.700000000,""
34887,53,82,3,2025-03-14 11:32:04.047000000,"In response to Executive Order 14168"
34892,123,75,3,2024-08-02 18:33:04.583000000,""
34912,20,73,3,2019-10-04 16:07:01.283000000,""
34912,20,82,3,2019-10-04 16:07:01.283000000,"CRs 10901,  and 11406, 11412, and 11451"
34914,68,82,3,2020-06-19 13:56:54.210000000,"Revised in response to CMS direction"
34924,79,70,3,2020-11-06 12:02:23.097000000,""
34938,68,82,3,2019-09-20 18:03:20.640000000,"CMS Change Request 10901"
34961,48,82,3,2019-11-08 17:28:42.810000000,"CMS Change Request 10901"
34975,67,82,3,2019-10-11 18:19:00.907000000,"CMS Change Request 10901"
34976,34,82,3,2021-05-21 12:52:15.303000000,"revisions to ensure alignment with Other Jurisdictions"
34998,33,70,3,2022-10-21 14:39:59.673000000,""
35000,149,55,3,2025-05-21 15:57:33.873000000,""
35001,11,75,3,2024-02-07 17:41:48.850000000,""
35003,61,82,3,2019-11-08 16:55:46.670000000,"CMS Change Request 10901"
35004,23,69,3,2021-01-29 16:01:59.333000000,""
35006,119,82,3,2019-10-11 18:17:50.250000000,"CMS Change Request 10901"
35007,81,82,3,2019-10-11 18:22:46.853000000,"CMS Change Request 10901"
35010,40,75,3,2022-08-26 15:43:38.023000000,""
35013,36,82,3,2019-09-06 18:24:25.540000000,"Changes in response to CMS Change Request"
35014,39,82,3,2019-09-19 12:49:03.653000000,"CMS Change Request 10901"
35016,36,82,3,2019-10-11 16:55:21.533000000,"CMS Change Request 10901"
35022,67,75,3,2021-05-07 12:09:12.713000000,""
35025,98,82,3,2024-08-26 19:38:13.407000000,"Annual review complete. No changes"
35026,75,55,3,2024-11-22 16:27:52.823000000,""
35028,10,105,3,2019-11-08 16:20:57.143000000,""
35035,74,82,3,2019-11-15 16:54:26.680000000,"Change in LCD process per CR 10901"
35038,76,82,3,2021-12-10 18:05:53.990000000,"Inquiry"
35041,113,82,3,2019-09-20 18:02:37.757000000,"CMS Change Request 10901"
35048,82,55,3,2024-11-08 14:49:13.640000000,""
35049,58,82,3,2019-10-11 16:56:43.460000000,"Changes in response to CMS change request"
35050,55,82,3,2021-02-19 15:23:18.943000000,"due to a change in CMS national coverage"
35062,122,82,3,2021-12-03 13:28:39.683000000,"to remove overlapping information due to the new Pharmacogenomics LCD becoming effective"
35070,76,75,3,2020-08-06 16:33:38.560000000,""
35070,76,82,3,2020-08-06 16:33:38.560000000,"non-substantive revision to correct a typographical error"
35073,51,55,3,2023-07-20 14:44:40.583000000,""
35074,32,55,3,2021-02-19 18:16:09.413000000,""
35074,32,76,3,2021-02-19 18:16:09.413000000,""
35075,34,105,3,2019-11-01 15:17:17.093000000,""
35076,56,55,3,2020-02-07 19:21:07.047000000,""
35076,56,76,3,2020-02-07 19:21:07.047000000,""
35080,53,82,3,2022-02-04 14:04:03.093000000,"Removed hyperlink"
35081,85,70,3,2023-10-20 14:22:30.740000000,""
35083,108,82,3,2025-03-14 11:33:32.703000000,"In response to Executive Order 14168."
35089,30,82,3,2019-11-15 16:20:23.373000000,"CMS Change Request 10901"
35090,95,82,3,2022-05-13 11:22:01.073000000,"Third party request"
35091,103,82,3,2021-09-03 12:16:56.483000000,"In response to an inquiry"
35092,78,82,3,2019-11-01 17:44:07.047000000,"CMS Change Request 10901"
35093,114,70,3,2022-12-16 13:45:37.957000000,""
35098,27,105,3,2019-11-14 14:03:36.923000000,""
35099,60,82,3,2019-11-01 17:44:51.747000000,"CMS Change Request 10901"
35101,128,82,3,2024-02-22 17:58:41.470000000,"New Medicare benefit for MHCs and MFTs."
35121,35,82,3,2025-10-21 15:09:08.430000000,"Review"
35124,25,82,3,2025-10-21 14:29:31.707000000,"Review"
35125,76,82,3,2020-07-17 14:14:30.997000000,"revision to update current information"
35130,66,82,3,2021-05-21 12:53:05.017000000,"revisions to ensure alignment with Other Jurisdictions"
35132,54,55,3,2025-04-09 15:19:57.993000000,""
35136,37,82,3,2025-10-08 11:56:21.613000000,"Change in Affiliated Contract Numbers "
35138,43,82,3,2019-10-11 16:53:44.467000000,"CMS Change Request 10901"
35160,61,55,3,2025-09-30 16:55:55.237000000,""
35163,29,79,3,2025-10-07 13:39:17.880000000,""
35170,60,55,3,2025-12-29 17:44:10.890000000,""
35172,72,55,3,2025-12-29 17:45:28.280000000,""
35222,25,82,3,2023-11-20 13:17:47.027000000,"Review"
35249,19,82,3,2025-04-25 20:29:21.247000000,"Annual Review"
35350,60,82,3,2019-10-11 18:49:35.610000000,"Changes in response to CMS change request."
35391,17,82,3,2019-11-08 17:33:55.577000000,"CMS Change Request 10901"
35395,48,82,3,2019-11-08 16:26:43.600000000,"CMS Change Request 10901"
35396,220,82,3,2025-04-17 19:29:25.190000000,"Information overlapping with L39365 removed"
35397,64,82,3,2019-10-11 18:48:57.777000000,"CMS Change Request 10901"
35434,30,82,3,2019-10-11 16:54:43.247000000,"CMS change request"
35442,26,82,3,2025-08-15 16:37:32.363000000,"Annual Review "
35451,53,70,3,2023-12-08 14:05:44.250000000,""
35456,65,82,3,2022-07-14 17:27:39.237000000,"No Comments received within the specified Comment Period. No changes made to this Final LCD from the Proposed LCD."
35457,63,55,3,2025-10-23 19:52:37.873000000,""
35457,63,75,3,2025-10-23 19:52:37.873000000,""
35486,22,82,3,2025-09-15 19:45:36.103000000,"Review"
35490,83,82,3,2026-01-22 19:42:15.187000000,"Code updates"
35494,28,55,3,2024-10-21 17:57:58.093000000,""
35494,28,82,3,2024-10-21 17:57:58.093000000,"Review"
35498,30,82,3,2025-10-21 19:54:57.683000000,"Review"
35526,42,55,3,2025-11-14 12:34:50.073000000,""
35526,42,75,3,2025-11-14 12:34:50.073000000,""
35677,88,55,3,2024-08-01 11:47:39.010000000,""
35702,32,79,3,2025-10-14 13:13:56.740000000,""
35724,80,55,3,2025-02-11 20:33:19.263000000,""
35751,47,55,3,2024-12-18 14:31:30.837000000,""
35751,47,82,3,2024-12-18 14:31:30.837000000,"Review"
35753,37,82,3,2023-10-17 17:26:03.533000000,""
35755,35,82,3,2025-12-22 20:44:30.860000000,""
35761,40,75,3,2026-01-22 19:28:45.590000000,""
35891,34,82,3,2025-03-18 15:26:13.660000000,"Annual Review "
35897,31,82,3,2025-04-25 20:31:15.763000000,"Annual Review"
35906,24,82,3,2025-03-18 16:43:21.997000000,"Annual Review "
35922,44,55,3,2025-03-04 17:49:50.043000000,""
35936,55,55,3,2025-07-10 17:18:53.067000000,""
35974,28,55,3,2021-10-07 21:10:52.947000000,""
35984,22,82,3,2025-06-11 11:59:32.980000000,"Annual Review"
35986,36,82,3,2025-07-31 14:30:37.553000000,"Annual Review "
35998,36,82,3,2025-10-21 17:45:35.040000000,""
36000,19,82,3,2024-06-18 12:16:38.277000000,"(Review) "
36007,65,82,3,2019-11-08 17:26:40.903000000,"CMS Change Request 10901"
36021,49,82,3,2025-08-15 15:58:22.957000000,"Annual Review"
36029,43,82,3,2025-02-25 16:39:48.863000000,"Annual Review"
36039,12,75,3,2023-03-31 16:13:17.280000000,""
36089,30,55,3,2023-07-14 17:39:29.533000000,""
36113,24,82,3,2025-08-01 13:05:15.183000000,"Annual Review"
36125,40,55,3,2021-04-15 20:45:38.147000000,""
36129,54,55,3,2024-03-14 16:30:33.283000000,""
36139,30,82,3,2025-02-06 16:32:29.003000000,"Annual Review "
36155,23,79,3,2026-01-12 13:38:59.883000000,""
36188,26,79,3,2026-01-12 13:39:00.227000000,""
36236,17,105,3,2019-09-06 16:08:12.510000000,""
36240,57,67,3,2024-02-09 13:57:48.667000000,""
36241,98,70,3,2021-05-21 14:21:28.047000000,""
36256,53,55,3,2025-09-30 16:56:36.663000000,""
36267,40,55,3,2025-03-26 18:27:17.157000000,""
36267,40,73,3,2025-03-26 18:27:17.157000000,""
36335,24,55,3,2024-03-08 13:16:51.497000000,""
36339,25,55,3,2025-09-30 16:30:42.320000000,""
36351,42,69,3,2025-09-09 16:43:28.883000000,""
36353,38,69,3,2025-09-09 16:45:46.583000000,""
36358,39,79,3,2026-01-12 13:38:59.107000000,""
36377,7,82,3,2019-11-21 23:58:14.330000000,"Revision based on CR 10901"
36380,27,79,3,2026-01-12 13:38:59.297000000,""
36393,37,72,3,2019-10-02 19:18:06.770000000,""
36393,37,82,3,2019-10-02 19:18:06.783000000,"Revisions based on CRs 10901, 11322, 11333"
36400,20,82,3,2025-07-21 17:22:20.943000000,"Review"
36402,35,82,3,2024-09-17 12:04:32.313000000,"Review"
36406,9,82,3,2019-10-18 14:29:40.360000000,""
36408,34,82,3,2025-09-03 19:48:22.083000000,""
36425,19,82,3,2024-02-06 15:24:46.847000000,"Annual review"
36427,38,55,3,2021-10-22 15:53:35.433000000,""
36460,25,82,3,2023-12-29 17:34:29.137000000,"Annual Review"
36464,27,55,3,2023-08-16 18:37:06.653000000,""
36469,24,55,3,2024-05-30 16:40:19.790000000,""
36485,22,82,3,2025-07-29 14:06:36.577000000,"Annual Review"
36499,28,82,3,2025-03-14 13:45:14.817000000,"In response to Executive Order 14168"
36523,33,82,3,2024-03-20 13:04:33.977000000,"Review"
36524,43,82,3,2025-10-14 14:10:05.133000000,"Change in Affiliated Contract Numbers "
36538,22,82,3,2025-10-08 11:56:53.347000000,"Change in Affiliated Contract Numbers "
36551,21,79,3,2026-01-12 13:38:59.967000000,""
36575,21,82,3,2025-10-27 13:34:29.560000000,"Change in Affiliated Contract Numbers"
36593,37,55,3,2025-03-10 14:00:13.327000000,""
36658,22,82,3,2025-09-26 21:52:55.860000000,"Annual Review "
36665,19,55,3,2021-12-22 20:08:14.763000000,""
36668,45,79,3,2025-08-06 17:30:01.840000000,""
36675,19,82,3,2025-11-05 12:28:29.433000000,"Annual Review"
36678,33,82,3,2025-10-27 13:33:43.893000000,"Change in Affiliated Contract Numbers"
36690,38,82,3,2026-01-21 13:21:14.497000000,"Link update in bibliography"
36692,27,79,3,2025-08-06 17:30:01.940000000,""
36702,20,82,3,2025-10-08 11:55:52.263000000,"Change in Affiliated Contract Numbers "
36704,23,79,3,2025-10-14 13:13:56.837000000,""
36715,58,82,3,2025-03-14 13:46:40.837000000,"In response to Executive Order 14168"
36761,20,55,3,2023-07-21 14:54:35.063000000,""
36767,27,72,3,2019-10-02 19:08:24.057000000,""
36767,27,82,3,2019-10-02 19:08:24.057000000,"Revisions based on CR 10901"
36797,22,82,3,2025-07-21 19:06:23.970000000,"Review"
36805,25,55,3,2025-02-20 18:54:46.223000000,""
36807,45,55,3,2025-05-20 15:47:07.530000000,""
36811,16,82,3,2025-04-22 16:46:15.113000000,"Review"
36831,34,105,3,2019-10-11 13:23:42.763000000,""
36839,23,82,3,2025-06-17 13:58:13.847000000,"Review"
36846,21,82,3,2025-10-08 11:55:18.557000000,"Change in Affiliated Contract Numbers "
36850,24,105,3,2019-11-15 15:50:43.287000000,""
36861,25,79,3,2025-09-02 13:55:33.490000000,""
36864,21,82,3,2025-10-08 11:53:55.487000000,"Change in Affiliated Contract Numbers "
36902,15,82,3,2025-02-21 18:07:45.950000000,"Annual Review "
36906,19,82,3,2025-03-18 15:01:53.503000000,"Annual Review"
36912,30,55,3,2021-12-01 21:16:30.203000000,""
36920,92,82,3,2023-10-13 11:04:21.210000000,"Inquiry"
36941,21,55,3,2021-12-21 19:38:30.373000000,""
36947,20,55,3,2021-12-21 19:42:33.753000000,""
36951,20,82,3,2025-09-26 20:51:47.760000000,"Annual Review "
36975,22,82,3,2025-01-31 18:33:17.027000000,"Annual Review "
37001,21,82,3,2025-09-15 19:53:51.267000000,"Review"
37003,14,55,3,2023-08-23 14:54:58.377000000,""
37011,24,82,3,2025-12-22 19:05:02.450000000,""
37015,27,82,3,2025-08-20 17:20:22.487000000,"(review)"
37022,30,55,3,2024-04-16 16:35:42.163000000,""
37031,35,55,3,2022-04-21 18:28:14.323000000,""
37033,30,55,3,2022-06-20 21:35:19.750000000,""
37054,22,79,3,2025-10-14 13:13:56.220000000,""
37066,31,82,3,2025-10-08 11:54:44.623000000,"Change in Affiliated Contract Numbers "
37070,26,79,3,2026-01-12 13:38:59.467000000,""
37086,27,79,3,2025-08-06 17:30:01.450000000,""
37126,21,82,3,2025-01-31 18:21:46.737000000,"Annual Review "
37130,21,82,3,2025-05-13 15:47:25.640000000,"Annual Review"
37166,22,82,3,2020-07-22 20:49:29.197000000,"Revisions based on review"
37176,57,55,3,2024-10-11 15:38:16.277000000,""
37199,16,82,3,2025-10-21 17:16:50.070000000,"(Review)"
37205,15,82,3,2023-11-20 13:24:22.917000000,"Review"
37210,19,82,3,2024-06-18 11:56:28.020000000,""
37216,23,82,3,2023-03-22 14:11:11.653000000,"Review"
37228,24,82,3,2025-03-18 12:13:44.510000000,""
37244,39,55,3,2024-09-23 11:07:14.357000000,""
37244,39,70,3,2024-09-23 11:07:14.357000000,""
37254,15,82,3,2025-01-31 18:19:43.243000000,""
37260,27,55,3,2025-03-04 16:04:24.010000000,""
37264,21,55,3,2021-05-13 21:21:12.460000000,""
37295,22,79,3,2026-01-12 13:38:59.557000000,""
37299,29,55,3,2025-03-04 17:35:40.630000000,""
37313,27,55,3,2025-10-10 15:02:33.297000000,""
37352,24,57,3,2025-02-10 17:16:03.173000000,""
37356,16,82,3,2025-04-25 12:04:02.817000000,"Annual Review "
37371,42,82,3,2019-11-15 16:21:01.760000000,"CMS Change Request 10901"
37373,41,82,3,2025-10-14 14:09:39.850000000,"Change in Affiliated Contract Numbers "
37379,42,55,3,2025-10-17 13:31:01.203000000,""
37387,25,55,3,2024-12-13 15:33:56.187000000,""
37398,21,82,3,2019-11-21 23:55:13.177000000,"Revision based on CR10901"
37421,35,55,3,2026-01-08 12:43:09.227000000,""
37475,17,105,3,2019-09-20 14:41:33.607000000,""
37502,21,82,3,2025-10-08 11:53:34.560000000,"Change in Affiliated Contract Numbers "
37531,20,55,3,2024-09-24 14:41:26.133000000,""
37531,20,66,3,2024-09-24 14:41:26.133000000,""
37531,20,67,3,2024-09-24 14:41:26.133000000,""
37531,20,70,3,2024-09-24 14:41:26.133000000,""
37531,20,76,3,2024-09-24 14:41:26.133000000,""
37535,18,75,3,2021-09-24 12:10:19.097000000,""
37537,18,82,3,2024-03-20 13:31:07.180000000,"Change in Assigned States of Affiliated Contract Numbers"
37539,17,82,3,2025-02-20 15:35:58.950000000,"Review"
37547,22,79,3,2025-10-27 12:14:34.070000000,""
37561,20,82,3,2025-03-14 13:47:39.230000000,"In response to Executive Order 14168"
37564,12,82,3,2019-09-27 19:49:15.947000000,"Revision based on CR 10901"
37575,21,82,3,2025-02-21 17:36:33.010000000,"Annual Review "
37578,28,82,3,2025-03-18 16:17:31.733000000,"Annual Review "
37581,24,55,3,2025-03-04 17:49:12.670000000,""
37598,21,82,3,2025-11-26 22:19:52.317000000,"Annual Review "
37602,18,55,3,2025-12-22 16:04:45.610000000,""
37606,17,55,3,2025-05-21 17:17:11.780000000,""
37608,21,82,3,2026-01-21 13:20:45.623000000,"Link update in bibliography"
37616,16,79,3,2025-09-02 13:55:32.740000000,""
37620,16,79,3,2025-10-14 13:13:56.413000000,""
37628,24,82,3,2025-10-08 11:54:18.067000000,"Change in Affiliated Contract Numbers "
37632,26,57,3,2021-05-04 13:40:38.277000000,""
37633,26,55,3,2020-08-03 18:23:41.157000000,""
37638,31,55,3,2024-10-15 12:12:12.230000000,""
37641,16,55,3,2022-06-16 20:21:39.793000000,""
37642,18,55,3,2024-09-27 12:15:16.417000000,""
37643,24,55,3,2019-11-27 20:33:35.567000000,""
37644,22,55,3,2022-03-03 14:41:12.540000000,""
37663,20,82,3,2025-04-22 17:06:53.533000000,"Review"
37725,44,55,3,2025-06-20 14:32:21.710000000,""
37729,25,79,3,2025-09-02 13:55:32.973000000,""
37750,32,79,3,2026-01-12 13:39:00.143000000,""
37761,22,55,3,2024-04-10 15:59:09.317000000,""
37761,22,76,3,2024-04-10 15:59:09.317000000,""
37772,14,82,3,2023-05-23 14:35:46.800000000,"review"
37774,15,55,3,2024-01-12 15:09:16.150000000,""
37779,16,55,3,2021-07-23 13:56:38.510000000,""
37790,20,82,3,2025-08-29 15:19:50.637000000,"Annual Review "
37792,16,76,3,2019-11-08 16:34:32.013000000,""
37794,23,55,3,2025-06-23 16:35:45.497000000,""
37798,13,70,3,2019-11-15 22:09:04.983000000,""
37800,19,67,3,2024-02-09 13:59:21.030000000,""
37810,17,55,3,2022-02-02 14:47:19.930000000,""
37810,17,67,3,2022-02-02 14:47:19.930000000,""
37822,19,79,3,2026-01-12 13:38:59.380000000,""
37826,28,55,3,2024-09-06 13:35:05.440000000,""
37832,23,82,3,2025-10-16 18:06:04.120000000,"Annual Review"
37848,18,55,3,2024-09-06 13:40:51.080000000,""
37857,20,55,3,2023-06-19 15:03:38.837000000,""
37863,25,55,3,2023-04-10 14:16:23.270000000,""
37870,19,55,3,2021-10-06 13:14:45.420000000,""
37873,14,55,3,2023-04-24 14:34:59.870000000,""
37887,25,79,3,2026-01-12 13:38:59.640000000,""
37893,30,82,3,2020-11-06 12:54:16.223000000,"To assure beneficiary access to care."
37897,18,79,3,2026-01-12 13:39:00.060000000,""
37903,18,82,3,2025-06-11 12:02:30.137000000,"Annual Review"
37905,17,82,3,2025-05-13 15:46:03.190000000,"Annual Review"
37913,15,82,3,2025-04-22 16:34:47.813000000,"(Review)"
37919,12,55,3,2023-06-22 12:04:03.507000000,""
37921,18,82,3,2025-11-20 16:54:44.257000000,"Review"
38014,8,75,3,2022-03-01 20:04:41.150000000,""
38016,21,55,3,2025-06-20 22:11:01.783000000,""
38018,18,82,3,2025-06-16 18:43:35.660000000,"Review"
38026,28,55,3,2025-07-03 13:07:16.033000000,""
38033,13,55,3,2023-04-17 14:53:33.250000000,""
38043,14,55,3,2025-02-26 17:41:11.660000000,""
38045,17,55,3,2023-06-02 19:33:34.693000000,""
38047,13,55,3,2024-03-22 15:19:24.167000000,""
38051,17,55,3,2024-06-14 13:58:07.753000000,""
38065,11,82,3,2024-11-13 16:49:09.463000000,"Annual Review"
38067,13,82,3,2025-08-15 16:25:07.073000000,"Annual Review "
38070,11,82,3,2025-02-06 16:55:20.757000000,"Annual Review "
38111,10,82,3,2025-05-13 19:10:13.697000000,"Annual Review "
38119,10,55,3,2023-08-07 13:59:14.643000000,""
38121,10,55,3,2023-08-08 12:32:53.133000000,""
38123,11,55,3,2024-03-21 12:07:48.023000000,""
38125,10,55,3,2024-03-21 12:08:43.250000000,""
38151,8,55,3,2025-09-30 16:29:00.777000000,""
38151,8,56,3,2025-09-30 16:29:00.777000000,""
38153,7,55,3,2024-06-13 11:54:30.923000000,""
38158,9,82,3,2023-06-22 11:56:04.130000000,""
38168,11,82,3,2025-02-18 20:19:10.417000000,"Review"
38176,11,82,3,2024-03-20 14:03:17.977000000,"Review"
38178,9,82,3,2024-06-18 12:27:12.120000000,"Review"
38201,25,55,3,2025-11-14 16:40:01.140000000,""
38211,15,75,3,2025-07-21 17:42:13.610000000,""
38213,11,82,3,2024-07-24 15:53:25.270000000,"Review"
38227,19,75,3,2023-10-20 15:35:20.110000000,""
38229,27,75,3,2023-10-20 15:34:40.310000000,""
38231,19,75,3,2020-11-13 19:08:12.100000000,""
38238,13,55,3,2025-06-23 16:36:20.560000000,""
38240,26,55,3,2024-10-31 15:43:09.650000000,""
38249,21,82,3,2025-04-04 14:54:02.253000000,"Annual Review"
38268,10,82,3,2025-02-25 17:04:39.907000000,"Annual Review "
38274,10,55,3,2024-04-18 19:16:19.187000000,""
38276,8,55,3,2023-04-03 14:40:15.467000000,""
38278,35,55,3,2025-06-11 13:53:58.053000000,""
38278,35,70,3,2025-06-11 13:53:58.053000000,""
38284,13,82,3,2025-11-05 12:32:45.330000000,"Annual Review"
38288,10,55,3,2024-04-18 12:06:18.970000000,""
38292,17,55,3,2025-06-23 16:36:53.123000000,""
38294,24,55,3,2025-09-24 18:43:47.150000000,""
38299,26,79,3,2025-10-14 13:13:56.527000000,""
38303,12,55,3,2025-06-24 13:04:27.847000000,""
38307,13,82,3,2025-02-25 17:00:41.443000000,"Annual Review "
38310,11,82,3,2025-10-16 14:17:45.443000000,"Change in Affiliated Contract Numbers"
38327,9,55,3,2025-06-23 12:30:06.053000000,""
38329,9,55,3,2025-06-23 12:31:21.450000000,""
38331,25,79,3,2026-01-12 13:38:59.213000000,""
38335,15,55,3,2025-10-08 13:38:41.273000000,""
38337,15,55,3,2025-09-26 15:03:37.883000000,""
38339,16,55,3,2025-06-23 18:03:26.857000000,""
38341,13,55,3,2025-06-23 18:04:19.243000000,""
38351,8,55,3,2024-04-18 12:24:40.857000000,""
38353,8,55,3,2024-04-18 12:25:22.337000000,""
38367,31,55,3,2025-07-16 12:03:27.923000000,""
38371,12,75,3,2022-06-28 19:36:54.663000000,""
38378,25,55,3,2025-10-20 13:01:32.347000000,""
38387,7,55,3,2020-02-14 20:35:09.700000000,""
38387,7,76,3,2020-02-14 20:35:09.700000000,""
38394,13,55,3,2025-10-16 18:03:54.380000000,""
38396,25,82,3,2025-03-14 11:34:05.520000000,"In response to Executive Order 14168."
38429,9,82,3,2024-04-16 13:55:51.150000000,"Review"
38433,9,82,3,2025-06-16 18:28:30.860000000,"Review"
38435,15,82,3,2025-09-26 20:09:30.313000000,""
38441,15,82,3,2024-10-21 17:41:45.103000000,"Review"
38443,11,82,3,2025-06-16 18:52:11.190000000,"Review"
38528,7,82,3,2024-04-16 13:41:14.997000000,"Annual Review"
38549,17,55,3,2025-10-24 13:38:14.390000000,""
38549,17,76,3,2025-10-24 13:38:14.390000000,""
38551,14,55,3,2024-12-13 15:32:20.717000000,""
38566,11,55,3,2025-06-24 16:20:27.890000000,""
38568,10,55,3,2025-06-30 16:17:13.913000000,""
38571,8,64,3,2021-12-16 15:07:11.033000000,""
38576,12,55,3,2025-06-24 16:20:52.150000000,""
38582,10,82,3,2025-06-26 12:49:23.027000000,"Annual Review "
38584,14,55,3,2025-11-11 21:47:47.850000000,""
38586,10,55,3,2025-06-24 13:05:55.543000000,""
38613,11,55,3,2022-07-27 21:41:25.590000000,""
38615,11,55,3,2022-07-27 21:41:54.970000000,""
38617,31,69,3,2024-06-21 15:41:00.553000000,""
38623,17,55,3,2025-07-15 16:29:06.173000000,""
38629,5,55,3,2025-07-03 13:10:46.657000000,""
38643,7,55,3,2025-06-26 20:23:44.403000000,""
38645,7,55,3,2025-06-26 20:27:00.773000000,""
38647,11,55,3,2025-06-26 20:44:42.283000000,""
38649,12,55,3,2025-06-26 20:45:43.010000000,""
38657,21,79,3,2025-10-14 13:13:56.320000000,""
38662,18,55,3,2025-11-11 21:35:36.680000000,""
38664,26,69,3,2024-06-21 15:42:52.497000000,""
38671,6,55,3,2025-07-03 13:11:25.293000000,""
38678,9,82,3,2025-07-22 16:55:09.220000000,"Review"
38680,7,55,3,2025-06-16 19:19:38.750000000,""
38682,13,82,3,2025-10-21 13:06:16.577000000,"Draft to Final"
38684,8,82,3,2025-06-17 13:28:04.710000000,""
38686,16,55,3,2025-09-16 13:07:05.953000000,""
38686,16,70,3,2025-09-16 13:07:05.953000000,""
38694,12,55,3,2025-07-31 16:07:40.017000000,""
38705,13,55,3,2025-10-24 11:31:33.277000000,""
38705,13,76,3,2025-10-24 11:31:33.277000000,""
38707,12,55,3,2025-10-24 11:37:26.777000000,""
38707,12,76,3,2025-10-24 11:37:26.777000000,""
38709,5,79,3,2025-09-02 13:55:32.243000000,""
38712,18,75,3,2025-03-14 13:49:09.657000000,""
38726,17,75,3,2025-03-14 13:49:57.110000000,""
38737,19,55,3,2025-11-14 14:46:33.303000000,""
38743,15,55,3,2024-07-19 13:09:39.983000000,""
38745,17,55,3,2025-03-03 20:50:29.917000000,""
38747,9,55,3,2024-09-06 13:42:30.463000000,""
38765,25,55,3,2025-10-17 13:30:03.330000000,""
38769,14,55,3,2024-04-12 13:45:42.753000000,""
38769,14,76,3,2024-04-12 13:45:42.753000000,""
38771,18,82,3,2025-08-29 16:21:29.027000000,"Annual Review"
38773,27,82,3,2025-08-15 17:15:08.767000000,"Link Update"
38775,10,55,3,2024-09-06 13:43:49.253000000,""
38777,7,55,3,2021-12-10 23:55:48.880000000,""
38786,10,75,3,2025-12-08 15:29:46.233000000,""
38792,6,55,3,2022-05-16 15:39:57.720000000,""
38801,22,75,3,2026-01-23 13:24:29.400000000,""
38803,16,55,3,2025-07-11 11:04:08.950000000,""
38803,16,75,3,2025-07-11 11:04:08.950000000,""
38809,30,76,3,2025-09-19 13:01:43.433000000,""
38816,5,55,3,2025-09-30 16:14:23.797000000,""
38822,8,82,3,2025-10-31 20:32:17.457000000,"Annual Review "
38824,10,79,3,2025-09-02 13:55:32.140000000,""
38835,8,82,3,2025-10-21 15:50:07.880000000,"Review"
38837,7,82,3,2025-05-20 15:30:43.103000000,"N/A"
38839,9,82,3,2024-06-18 12:06:45.093000000,""
38841,18,76,3,2025-09-15 19:31:02.303000000,""
38902,12,79,3,2025-09-02 13:55:33.593000000,""
38914,20,82,3,2022-05-13 11:23:09.247000000,"Third party request"
38920,15,82,3,2025-07-31 16:13:42.667000000,"Annual Review "
38926,23,82,3,2021-09-03 12:10:12.453000000,"In response to an inquiry"
38937,6,75,3,2022-06-08 18:56:23.293000000,""
38953,16,55,3,2023-12-07 16:04:15.657000000,""
38953,16,82,3,2023-12-07 16:04:15.657000000,"CMS Final Rule CMS-1780-F"
38955,24,55,3,2023-12-07 15:09:12.377000000,""
38955,24,82,3,2023-12-07 15:09:12.377000000,"CMS Final Rule CMS-1780-F"
38966,5,55,3,2024-04-12 21:11:52.393000000,""
38970,8,82,3,2024-04-04 12:34:55.910000000,""
38972,8,55,3,2024-04-12 12:04:46.713000000,""
38974,8,55,3,2024-04-12 12:05:46.150000000,""
38985,17,55,3,2025-06-25 14:47:05.173000000,""
38988,18,55,3,2025-06-25 14:46:36.973000000,""
38992,14,55,3,2023-01-04 17:19:20.930000000,""
38994,14,55,3,2023-11-06 14:33:30.917000000,""
38997,11,55,3,2025-06-27 21:47:09.927000000,""
39001,15,55,3,2025-09-30 16:46:29.010000000,""
39003,14,55,3,2025-09-30 16:54:19.077000000,""
39005,9,79,3,2026-01-12 13:39:00.677000000,""
39015,12,55,3,2023-10-31 14:40:22.517000000,""
39017,9,82,3,2025-03-04 20:14:02.003000000,"Annual Review "
39023,23,55,3,2025-02-14 16:12:20.473000000,""
39036,15,55,3,2023-11-13 21:04:29.457000000,""
39038,13,55,3,2025-06-27 21:48:32.023000000,""
39040,6,82,3,2024-03-20 13:48:57.910000000,"Review"
39042,7,55,3,2025-06-17 13:42:36.947000000,""
39044,13,82,3,2025-06-16 19:44:11.473000000,""
39051,10,82,3,2024-08-22 13:03:58.183000000,"Draft to Final"
39054,13,82,3,2025-10-21 14:19:18.277000000,"(Correction)"
39058,17,79,3,2025-09-02 13:55:33.400000000,""
39068,21,82,3,2025-07-03 15:40:18.297000000,"Update and break hyperlink"
39071,16,82,3,2025-07-03 15:40:57.563000000,"Update and break hyperlink"
39075,14,75,3,2023-03-28 19:14:43.207000000,""
39082,6,82,3,2021-12-23 12:41:08.990000000,"Typo"
39084,5,75,3,2021-12-23 12:43:47.003000000,""
39086,10,55,3,2022-04-25 14:58:12.697000000,""
39116,6,79,3,2025-10-14 13:13:56.067000000,""
39121,9,55,3,2023-11-06 14:32:50.713000000,""
39122,3,83,3,2021-09-22 16:59:29.243000000,""
39122,3,92,3,2021-09-22 16:59:29.243000000,""
39128,10,55,3,2024-09-06 13:33:20.897000000,""
39189,7,55,3,2024-10-21 10:45:05.850000000,""
39189,7,67,3,2024-10-21 10:45:05.850000000,""
39226,9,55,3,2025-07-15 16:30:20.513000000,""
39230,6,55,3,2025-02-25 13:22:21.327000000,""
39232,5,55,3,2025-02-25 13:23:24.587000000,""
39237,10,55,3,2025-03-03 20:52:12.337000000,""
39240,8,79,3,2025-09-02 13:55:32.370000000,""
39256,7,55,3,2025-03-04 16:00:50.957000000,""
39258,12,55,3,2025-03-03 20:51:00.360000000,""
39262,8,79,3,2026-01-12 13:39:00.757000000,""
39268,7,55,3,2024-07-16 14:41:28,""
39270,8,55,3,2024-12-13 15:33:03.650000000,""
39276,8,55,3,2025-03-04 21:10:19.177000000,""
39284,12,82,3,2025-10-31 20:28:53.150000000,"Annual Review "
39297,6,55,3,2025-07-16 14:18:33.890000000,""
39314,11,55,3,2025-07-16 12:53:08.137000000,""
39356,5,82,3,2025-02-20 15:11:59.207000000,""
39365,149,82,3,2025-04-25 11:56:06.340000000,"In response to Executive Order 14168"
39367,41,82,3,2025-04-25 11:57:25.243000000,"In response to Executive Order 14168"
39373,6,79,3,2026-01-12 13:39:00.307000000,""
39383,11,82,3,2025-03-18 16:36:05.233000000,"Annual Review "
39387,8,55,3,2024-10-04 14:11:48.833000000,""
39389,4,82,3,2024-05-09 15:09:43.207000000,"Annual review"
39391,9,55,3,2025-12-22 16:05:31.777000000,""
39400,8,55,3,2024-09-06 13:41:47.003000000,""
39402,14,55,3,2024-11-20 12:58:53.943000000,""
39424,6,55,3,2024-08-13 19:03:36.250000000,""
39427,6,82,3,2025-07-29 14:02:23.660000000,"Annual review, no changes"
39434,7,75,3,2025-10-27 14:15:27.180000000,""
39455,6,82,3,2023-08-04 14:26:26.370000000,"Corrected link"
39467,9,79,3,2026-01-12 13:39:00.500000000,""
39475,7,82,3,2024-12-18 13:19:37.950000000,""
39477,7,82,3,2024-12-18 13:28:00.857000000,"revision"
39479,5,82,3,2025-04-22 16:18:28.270000000,""
39481,8,75,3,2025-08-01 11:59:42.107000000,""
39529,5,82,3,2025-04-22 15:46:41.790000000,""
39553,24,55,3,2025-12-08 15:30:20.440000000,""
39585,4,82,3,2025-05-13 18:57:10.830000000,"Annual Review "
39589,4,79,3,2026-01-12 13:39:00.410000000,""
39624,5,82,3,2025-09-15 19:04:29.167000000,""
39642,10,55,3,2025-10-27 12:32:36.587000000,""
39642,10,75,3,2025-10-27 12:32:36.587000000,""
39644,11,55,3,2025-10-27 12:33:54.767000000,""
39644,11,75,3,2025-10-27 12:33:54.767000000,""
39646,7,55,3,2025-03-04 15:58:09.087000000,""
39650,6,82,3,2025-05-13 19:08:23.267000000,"Annual Review "
39656,9,55,3,2024-03-05 23:43:01.133000000,""
39658,4,82,3,2025-06-11 12:05:02.247000000,"Annual REview"
39678,5,79,3,2026-01-12 13:39:00.593000000,""
39682,7,55,3,2025-03-04 18:57:23.523000000,""
39684,6,55,3,2025-03-04 18:57:52.770000000,""
39686,4,79,3,2026-01-12 13:38:59.727000000,""
39713,7,75,3,2026-01-22 19:37:48.493000000,""
39720,5,82,3,2025-02-20 20:56:40.927000000,""
39741,8,75,3,2025-01-29 16:17:57.387000000,""
39758,14,79,3,2025-09-02 13:55:32.020000000,""
39770,13,75,3,2025-07-15 16:28:06.060000000,""
39773,7,75,3,2025-01-10 13:08:57.770000000,""
39780,5,75,3,2025-12-08 15:29:15.367000000,""
39788,9,82,3,2025-04-22 14:41:02.877000000,"revision"
39793,47,75,3,2025-03-07 18:20:14.413000000,""
39797,13,75,3,2025-06-12 16:21:10.700000000,""
39799,16,75,3,2025-03-07 18:21:23.887000000,""
39802,8,75,3,2025-05-09 14:59:41.120000000,""
39810,13,79,3,2025-10-14 13:13:56.633000000,""
39832,13,55,3,2026-01-09 18:22:47.940000000,""
39835,10,83,3,2024-05-20 14:26:26.980000000,""
39835,10,98,3,2024-05-20 14:26:26.980000000,""
39836,8,55,3,2026-01-20 13:11:44.390000000,""
39840,14,57,3,2025-02-14 16:03:38.990000000,""
39851,15,55,3,2025-03-04 17:47:59.543000000,""
39856,3,83,3,2024-05-23 12:33:41.447000000,""
39857,7,82,3,2026-01-21 13:20:14.447000000,"Updated bibliography link #224."
39858,4,83,3,2024-05-23 22:41:27.757000000,""
39858,4,97,3,2024-05-23 22:41:27.757000000,""
39859,4,83,3,2024-05-23 22:48:20.247000000,""
39859,4,97,3,2024-05-23 22:48:20.247000000,""
39863,9,57,3,2025-02-14 18:44:08.070000000,""
39881,9,79,3,2025-10-07 13:39:17.767000000,""
39908,2,83,3,2024-05-21 16:44:27.257000000,""
39908,2,98,3,2024-05-21 16:44:27.257000000,""
39909,5,75,3,2026-01-09 15:54:15.877000000,""
39911,7,82,3,2025-02-20 14:40:32.190000000,""
39913,7,82,3,2025-02-20 17:26:59.090000000,""
39918,3,83,3,2024-07-23 15:17:43.277000000,""
39920,4,83,3,2024-07-11 16:43:10.777000000,""
39921,4,83,3,2024-07-11 16:43:50.187000000,""
39922,5,83,3,2024-07-23 13:54:52.127000000,""
39923,13,55,3,2025-09-30 19:38:39.037000000,""
39926,5,83,3,2024-07-23 13:55:24.547000000,""
39927,10,55,3,2025-09-30 19:39:33.147000000,""
39932,4,104,3,2024-08-19 17:38:11.160000000,"LCD request from Laboratory"
39934,4,104,3,2024-08-19 17:37:16.717000000,"LCD request from Laboratory"
39936,14,104,3,2025-07-18 18:00:15.330000000,"Request for Coverage by national orthotic and prosthetic trade association"
39937,4,83,3,2024-09-30 13:09:02.633000000,""
39939,3,104,3,2024-09-30 12:48:11.177000000,"Other: LCD request from Laboratory"
39940,9,75,3,2025-07-15 18:11:16.410000000,""
39943,4,83,3,2024-08-19 14:59:16.413000000,""
39944,7,79,3,2026-01-12 13:38:59.807000000,""
39945,5,83,3,2024-08-19 14:59:55.083000000,""
39947,3,83,3,2024-08-19 15:04:34.267000000,""
39949,3,83,3,2024-08-19 15:05:03.350000000,""
39956,5,55,3,2025-01-24 20:08:23.557000000,""
39960,4,79,3,2025-09-02 13:55:32.563000000,""
39983,8,95,3,2024-08-22 15:51:15.400000000,""
39986,2,104,3,2024-08-21 16:53:43.270000000,"LCD request from Laboratory"
39988,2,104,3,2024-08-21 17:11:28,"LCD request from Laboratory"
39996,7,104,3,2024-08-22 15:52:33.927000000,"Request for coverage by a practitioner"
39999,3,83,3,2024-09-30 15:05:11.357000000,""
39999,3,97,3,2024-09-30 15:05:11.357000000,""
40016,43,104,3,2024-10-04 15:27:00.663000000,"Reconsideration Request"
40021,2,83,3,2024-10-03 12:04:15.747000000,""
40025,8,104,3,2024-10-04 15:28:14.480000000,"Reconsideration Request"
40031,3,97,3,2025-01-31 15:46:27.203000000,""
40037,4,104,3,2025-01-31 15:44:59.103000000,"Consolidation of Part A and Part B LCDs"
40045,5,83,3,2025-01-31 15:45:53.507000000,""
40047,6,83,3,2025-02-07 16:31:04.420000000,""
40049,3,83,3,2025-01-31 12:36:36.633000000,""
40050,6,79,3,2025-10-27 12:14:33.963000000,""
40051,4,83,3,2025-01-31 12:37:18.693000000,""
40055,3,83,3,2025-01-31 12:20:02.783000000,""
40057,9,83,3,2025-07-09 18:51:35.543000000,""
40059,8,83,3,2025-07-11 15:13:41.730000000,""
40061,7,83,3,2025-07-11 15:15:07.333000000,""
40139,7,83,3,2025-07-10 11:34:44.600000000,""
40141,4,104,3,2025-07-09 19:32:41.557000000,"LCD request from laboratory."
40143,8,104,3,2025-07-11 15:04:29.227000000,"LCD request from laboratory. "
40167,12,83,3,2025-05-09 11:28:11.350000000,""
40173,4,85,3,2025-05-06 21:56:49.007000000,""
40174,4,85,3,2025-05-06 21:58:06.270000000,""
40175,4,83,3,2025-05-08 12:24:18.277000000,""
40177,4,83,3,2025-05-05 10:51:40.190000000,""
40178,3,83,3,2025-05-09 13:51:19.840000000,""
40180,6,83,3,2025-05-05 11:33:14.990000000,""
40181,8,83,3,2025-05-07 22:47:09.057000000,""
40183,9,83,3,2025-05-06 15:02:26.367000000,""
40184,7,83,3,2025-05-26 03:19:30.677000000,""
40185,7,83,3,2025-05-26 03:20:00.950000000,""
40186,8,104,3,2025-08-18 19:42:53.557000000,"LCD requests from laboratory and manufacturer"
40188,6,83,3,2025-05-08 21:09:52.383000000,""
40192,3,83,3,2025-05-09 14:53:37.840000000,""
40194,3,83,3,2025-05-19 19:49:46.960000000,""
40194,3,98,3,2025-05-19 19:49:46.960000000,""
40195,3,83,3,2025-05-20 15:03:31.593000000,""
40195,3,98,3,2025-05-20 15:03:31.593000000,""
40196,4,104,3,2025-08-22 14:18:16.593000000,"LCD requests from laboratory and manufacturer"
40198,5,83,3,2025-08-21 18:34:05.767000000,""
40204,9,83,3,2025-09-19 13:51:47.743000000,""
40208,6,94,3,2025-07-17 15:15:53.897000000,""
40209,8,104,3,2025-08-18 19:54:50.773000000,"LCD Request from Laboratory"
40221,4,104,3,2025-08-22 13:36:19.783000000,"LCD Request from Laboratory"
40223,5,83,3,2025-09-18 15:24:43.440000000,""
40225,6,83,3,2025-08-21 18:33:31.513000000,""
40227,5,83,3,2025-09-19 13:54:55.070000000,""
40231,6,83,3,2025-09-18 15:29:00.543000000,""
40237,6,83,3,2025-08-18 19:44:18.347000000,""
40241,4,83,3,2025-08-22 13:57:58.593000000,""
40243,17,83,3,2025-09-17 13:37:27.020000000,""
40245,3,83,3,2025-07-10 11:33:17.540000000,""
40247,8,94,3,2025-07-18 14:17:34.227000000,""
40248,2,83,3,2025-07-11 18:19:08.083000000,""
40250,2,104,3,2025-07-11 19:45:36.733000000,"LCD request from laboratory"
40254,6,83,3,2025-09-19 13:28:02.727000000,""
40256,6,83,3,2025-09-19 13:57:05.413000000,""
40258,4,83,3,2025-08-21 18:32:38.857000000,""
40260,5,83,3,2025-09-17 13:36:29.543000000,""
40262,8,83,3,2025-09-19 13:55:38.357000000,""
40264,7,83,3,2025-09-16 18:37:32.587000000,""
40266,5,83,3,2025-09-18 15:06:53.883000000,""
40268,6,83,3,2025-09-18 15:48:42.950000000,""
40269,12,104,3,2025-08-22 15:23:34.807000000,"1. DME MAC initiated request for coverage of hypertonic saline and 2. Manufacturer request for coverage of ensifentrine"
40270,19,104,3,2025-08-22 13:24:09.327000000,"1. DME MAC initiated request to add HCPCS codes A4295, A4296 and A4297, and updated description for HCPCS codes A4351 and A4352<br />2. Manufacturer/supplier request for coverage of sterile catheter kits (A4353) used for beneficiaries who are immunosuppressed due to a spinal cord injury"
40271,3,104,3,2025-08-20 18:51:42.397000000,"LCD requests from laboratory and manufacturer"
40273,5,83,3,2025-09-15 15:15:58.710000000,""
40275,8,97,3,2025-09-05 17:10:07.393000000,""
40277,4,104,3,2025-09-15 16:24:50.377000000,"LCD Request from Laboratory"
40279,6,83,3,2025-09-18 18:59:41.563000000,""
40288,7,97,3,2025-09-05 17:21:31.423000000,""
40299,2,83,3,2025-09-16 17:27:08.407000000,""
40301,7,83,3,2026-01-08 13:45:42.627000000,""
40301,7,95,3,2026-01-08 13:45:42.627000000,""
40301,7,98,3,2026-01-08 13:45:42.627000000,""
40323,7,83,3,2026-01-09 13:41:37.933000000,""
40327,4,83,3,2026-01-09 14:57:58.747000000,""
40329,5,83,3,2026-01-08 15:35:24.873000000,""
40329,5,98,3,2026-01-08 15:35:24.873000000,""
40331,7,83,3,2026-01-16 23:46:36.803000000,""
40333,7,83,3,2026-01-08 19:46:08.127000000,""
40340,3,83,3,2026-01-22 17:43:46.440000000,""
40342,2,97,3,2026-01-22 19:15:31.210000000,""
