period_id,begin_date,dis_end_date
1,1901-01-01 00:00:00,2002-12-10 00:00:00
2,2002-12-11 00:00:00,2003-01-12 00:00:00
3,2003-01-13 00:00:00,2003-01-26 00:00:00
4,2003-01-27 00:00:00,2003-02-09 00:00:00
5,2003-02-10 00:00:00,2003-02-23 00:00:00
6,2003-02-24 00:00:00,2003-03-09 00:00:00
7,2003-03-10 00:00:00,2003-03-23 00:00:00
8,2003-03-24 00:00:00,2003-04-13 00:00:00
9,2003-04-14 00:00:00,2003-04-27 00:00:00
10,2003-04-28 00:00:00,2003-05-11 00:00:00
11,2003-05-12 00:00:00,2003-05-25 00:00:00
12,2003-05-26 00:00:00,2003-06-01 00:00:00
13,2003-06-02 00:00:00,2003-06-15 00:00:00
14,2003-06-16 00:00:00,2003-06-29 00:00:00
15,2003-06-30 00:00:00,2003-07-13 00:00:00
16,2003-07-14 00:00:00,2003-07-27 00:00:00
17,2003-07-28 00:00:00,2003-08-10 00:00:00
18,2003-08-11 00:00:00,2003-08-24 00:00:00
19,2003-08-25 00:00:00,2003-09-14 00:00:00
20,2003-09-15 00:00:00,2003-10-05 00:00:00
21,2003-10-06 00:00:00,2003-10-13 00:00:00
22,2003-10-14 00:00:00,2003-10-26 00:00:00
23,2003-10-27 00:00:00,2003-11-02 00:00:00
24,2003-11-03 00:00:00,2003-11-09 00:00:00
25,2003-11-10 00:00:00,2003-11-16 00:00:00
26,2003-11-17 00:00:00,2003-11-23 00:00:00
27,2003-11-24 00:00:00,2003-11-30 00:00:00
28,2003-12-01 00:00:00,2003-12-07 00:00:00
29,2003-12-08 00:00:00,2003-12-14 00:00:00
30,2003-12-15 00:00:00,2003-12-21 00:00:00
31,2003-12-22 00:00:00,2003-12-28 00:00:00
32,2003-12-29 00:00:00,2004-01-04 00:00:00
33,2004-01-05 00:00:00,2004-01-11 00:00:00
34,2004-01-12 00:00:00,2004-01-19 00:00:00
35,2004-01-20 00:00:00,2004-01-25 00:00:00
36,2004-01-26 00:00:00,2004-02-01 00:00:00
37,2004-02-02 00:00:00,2004-02-08 00:00:00
38,2004-02-09 00:00:00,2004-02-16 00:00:00
39,2004-02-17 00:00:00,2004-02-22 00:00:00
40,2004-02-23 00:00:00,2004-02-29 00:00:00
41,2004-03-01 00:00:00,2004-03-07 00:00:00
42,2004-03-08 00:00:00,2004-03-14 00:00:00
43,2004-03-15 00:00:00,2004-03-21 00:00:00
44,2004-03-22 00:00:00,2004-03-28 00:00:00
45,2004-03-29 00:00:00,2004-04-04 00:00:00
46,2004-04-05 00:00:00,2004-04-11 00:00:00
47,2004-04-12 00:00:00,2004-04-18 00:00:00
48,2004-04-19 00:00:00,2004-04-25 00:00:00
49,2004-04-26 00:00:00,2004-05-02 00:00:00
50,2004-05-03 00:00:00,2004-05-09 00:00:00
51,2004-05-10 00:00:00,2004-05-16 00:00:00
52,2004-05-17 00:00:00,2004-05-23 00:00:00
53,2004-05-24 00:00:00,2004-05-31 00:00:00
54,2004-06-01 00:00:00,2004-06-06 00:00:00
55,2004-06-07 00:00:00,2004-06-13 00:00:00
56,2004-06-14 00:00:00,2004-06-20 00:00:00
57,2004-06-21 00:00:00,2004-06-27 00:00:00
58,2004-06-28 00:00:00,2004-07-05 00:00:00
59,2004-07-06 00:00:00,2004-07-11 00:00:00
60,2004-07-12 00:00:00,2004-07-18 00:00:00
61,2004-07-19 00:00:00,2004-07-25 00:00:00
62,2004-07-26 00:00:00,2004-08-01 00:00:00
63,2004-08-02 00:00:00,2004-08-08 00:00:00
64,2004-08-09 00:00:00,2004-08-15 00:00:00
65,2004-08-16 00:00:00,2004-08-22 00:00:00
66,2004-08-23 00:00:00,2004-08-29 00:00:00
67,2004-08-30 00:00:00,2004-09-06 00:00:00
68,2004-09-07 00:00:00,2004-09-12 00:00:00
69,2004-09-13 00:00:00,2004-09-19 00:00:00
70,2004-09-20 00:00:00,2004-09-26 00:00:00
71,2004-09-27 00:00:00,2004-10-03 00:00:00
72,2004-10-04 00:00:00,2004-10-11 00:00:00
73,2004-10-12 00:00:00,2004-10-17 00:00:00
74,2004-10-18 00:00:00,2004-10-24 00:00:00
75,2004-10-25 00:00:00,2004-10-31 00:00:00
76,2004-11-01 00:00:00,2004-11-07 00:00:00
77,2004-11-08 00:00:00,2004-11-14 00:00:00
78,2004-11-15 00:00:00,2004-11-21 00:00:00
79,2004-11-22 00:00:00,2004-11-28 00:00:00
80,2004-11-29 00:00:00,2004-12-05 00:00:00
81,2004-12-06 00:00:00,2004-12-12 00:00:00
82,2004-12-13 00:00:00,2004-12-19 00:00:00
83,2004-12-20 00:00:00,2004-12-26 00:00:00
84,2004-12-27 00:00:00,2005-01-02 00:00:00
85,2005-01-03 00:00:00,2005-01-09 00:00:00
86,2005-01-10 00:00:00,2005-01-17 00:00:00
87,2005-01-18 00:00:00,2005-01-23 00:00:00
88,2005-01-24 00:00:00,2005-01-30 00:00:00
89,2005-01-31 00:00:00,2005-02-06 00:00:00
90,2005-02-07 00:00:00,2005-02-13 00:00:00
91,2005-02-14 00:00:00,2005-02-21 00:00:00
92,2005-02-22 00:00:00,2005-02-27 00:00:00
93,2005-02-28 00:00:00,2005-03-06 00:00:00
94,2005-03-07 00:00:00,2005-03-13 00:00:00
95,2005-03-14 00:00:00,2005-03-20 00:00:00
96,2005-03-21 00:00:00,2005-03-27 00:00:00
97,2005-03-28 00:00:00,2005-04-03 00:00:00
98,2005-04-04 00:00:00,2005-04-10 00:00:00
99,2005-04-11 00:00:00,2005-04-17 00:00:00
100,2005-04-18 00:00:00,2005-04-24 00:00:00
101,2005-04-25 00:00:00,2005-05-01 00:00:00
102,2005-05-02 00:00:00,2005-05-08 00:00:00
103,2005-05-09 00:00:00,2005-05-15 00:00:00
104,2005-05-16 00:00:00,2005-05-22 00:00:00
105,2005-05-23 00:00:00,2005-05-30 00:00:00
106,2005-05-31 00:00:00,2005-06-05 00:00:00
107,2005-06-06 00:00:00,2005-06-12 00:00:00
108,2005-06-13 00:00:00,2005-06-19 00:00:00
109,2005-06-20 00:00:00,2005-06-26 00:00:00
110,2005-06-27 00:00:00,2005-07-04 00:00:00
111,2005-07-05 00:00:00,2005-07-10 00:00:00
112,2005-07-11 00:00:00,2005-07-17 00:00:00
113,2005-07-18 00:00:00,2005-07-24 00:00:00
114,2005-07-25 00:00:00,2005-07-31 00:00:00
115,2005-08-01 00:00:00,2005-08-07 00:00:00
116,2005-08-08 00:00:00,2005-08-14 00:00:00
117,2005-08-15 00:00:00,2005-08-21 00:00:00
118,2005-08-22 00:00:00,2005-08-28 00:00:00
119,2005-08-29 00:00:00,2005-09-05 00:00:00
120,2005-09-06 00:00:00,2005-09-11 00:00:00
121,2005-09-12 00:00:00,2005-09-18 00:00:00
122,2005-09-19 00:00:00,2005-09-25 00:00:00
123,2005-09-26 00:00:00,2005-10-02 00:00:00
124,2005-10-03 00:00:00,2005-10-10 00:00:00
125,2005-10-11 00:00:00,2005-10-16 00:00:00
126,2005-10-17 00:00:00,2005-10-23 00:00:00
127,2005-10-24 00:00:00,2005-10-30 00:00:00
128,2005-10-31 00:00:00,2005-11-06 00:00:00
129,2005-11-07 00:00:00,2005-11-13 00:00:00
130,2005-11-14 00:00:00,2005-11-20 00:00:00
131,2005-11-21 00:00:00,2005-11-27 00:00:00
132,2005-11-28 00:00:00,2005-12-04 00:00:00
133,2005-12-05 00:00:00,2005-12-11 00:00:00
134,2005-12-12 00:00:00,2005-12-18 00:00:00
135,2005-12-19 00:00:00,2005-12-26 00:00:00
136,2005-12-27 00:00:00,2006-01-02 00:00:00
137,2006-01-03 00:00:00,2006-01-08 00:00:00
138,2006-01-09 00:00:00,2006-01-16 00:00:00
139,2006-01-17 00:00:00,2006-01-22 00:00:00
140,2006-01-23 00:00:00,2006-01-29 00:00:00
141,2006-01-30 00:00:00,2006-02-05 00:00:00
142,2006-02-06 00:00:00,2006-02-12 00:00:00
143,2006-02-13 00:00:00,2006-02-20 00:00:00
144,2006-02-21 00:00:00,2006-02-26 00:00:00
145,2006-02-27 00:00:00,2006-03-05 00:00:00
146,2006-03-06 00:00:00,2006-03-12 00:00:00
147,2006-03-13 00:00:00,2006-03-19 00:00:00
148,2006-03-20 00:00:00,2006-03-26 00:00:00
149,2006-03-27 00:00:00,2006-04-02 00:00:00
150,2006-04-03 00:00:00,2006-04-09 00:00:00
151,2006-04-10 00:00:00,2006-04-16 00:00:00
152,2006-04-17 00:00:00,2006-04-23 00:00:00
153,2006-04-24 00:00:00,2006-04-30 00:00:00
154,2006-05-01 00:00:00,2006-05-07 00:00:00
155,2006-05-08 00:00:00,2006-05-14 00:00:00
156,2006-05-15 00:00:00,2006-05-21 00:00:00
157,2006-05-22 00:00:00,2006-05-29 00:00:00
158,2006-05-30 00:00:00,2006-06-04 00:00:00
159,2006-06-05 00:00:00,2006-06-11 00:00:00
160,2006-06-12 00:00:00,2006-06-18 00:00:00
161,2006-06-19 00:00:00,2006-06-25 00:00:00
162,2006-06-26 00:00:00,2006-07-02 00:00:00
163,2006-07-03 00:00:00,2006-07-09 00:00:00
164,2006-07-10 00:00:00,2006-07-16 00:00:00
165,2006-07-17 00:00:00,2006-07-23 00:00:00
166,2006-07-24 00:00:00,2006-07-30 00:00:00
167,2006-07-31 00:00:00,2006-08-06 00:00:00
168,2006-08-07 00:00:00,2006-08-13 00:00:00
169,2006-08-14 00:00:00,2006-08-20 00:00:00
170,2006-08-21 00:00:00,2006-08-27 00:00:00
171,2006-08-28 00:00:00,2006-09-04 00:00:00
172,2006-09-05 00:00:00,2006-09-10 00:00:00
173,2006-09-11 00:00:00,2006-09-17 00:00:00
174,2006-09-18 00:00:00,2006-09-24 00:00:00
175,2006-09-25 00:00:00,2006-10-01 00:00:00
176,2006-10-02 00:00:00,2006-10-09 00:00:00
177,2006-10-10 00:00:00,2006-10-15 00:00:00
178,2006-10-16 00:00:00,2006-10-22 00:00:00
179,2006-10-23 00:00:00,2006-10-29 00:00:00
180,2006-10-30 00:00:00,2006-11-05 00:00:00
181,2006-11-06 00:00:00,2006-11-12 00:00:00
182,2006-11-13 00:00:00,2006-11-19 00:00:00
183,2006-11-20 00:00:00,2006-11-26 00:00:00
184,2006-11-27 00:00:00,2006-12-03 00:00:00
185,2006-12-04 00:00:00,2006-12-10 00:00:00
186,2006-12-11 00:00:00,2006-12-17 00:00:00
187,2006-12-18 00:00:00,2006-12-25 00:00:00
188,2006-12-26 00:00:00,2007-01-01 00:00:00
189,2007-01-02 00:00:00,2007-01-07 00:00:00
190,2007-01-08 00:00:00,2007-01-15 00:00:00
191,2007-01-16 00:00:00,2007-01-21 00:00:00
192,2007-01-22 00:00:00,2007-01-28 00:00:00
193,2007-01-29 00:00:00,2007-02-04 00:00:00
194,2007-02-05 00:00:00,2007-02-11 00:00:00
195,2007-02-12 00:00:00,2007-02-19 00:00:00
196,2007-02-20 00:00:00,2007-02-25 00:00:00
197,2007-02-26 00:00:00,2007-03-04 00:00:00
198,2007-03-05 00:00:00,2007-03-11 00:00:00
199,2007-03-12 00:00:00,2007-03-18 00:00:00
200,2007-03-19 00:00:00,2007-03-25 00:00:00
201,2007-03-26 00:00:00,2007-04-01 00:00:00
202,2007-04-02 00:00:00,2007-04-08 00:00:00
203,2007-04-09 00:00:00,2007-04-15 00:00:00
204,2007-04-16 00:00:00,2007-04-22 00:00:00
205,2007-04-23 00:00:00,2007-04-29 00:00:00
206,2007-04-30 00:00:00,2007-05-06 00:00:00
207,2007-05-07 00:00:00,2007-05-13 00:00:00
208,2007-05-14 00:00:00,2007-05-20 00:00:00
209,2007-05-21 00:00:00,2007-05-28 00:00:00
210,2007-05-29 00:00:00,2007-06-03 00:00:00
211,2007-06-04 00:00:00,2007-06-10 00:00:00
212,2007-06-11 00:00:00,2007-06-17 00:00:00
213,2007-06-18 00:00:00,2007-06-24 00:00:00
214,2007-06-25 00:00:00,2007-07-01 00:00:00
215,2007-07-02 00:00:00,2007-07-08 00:00:00
216,2007-07-09 00:00:00,2007-07-15 00:00:00
217,2007-07-16 00:00:00,2007-07-22 00:00:00
218,2007-07-23 00:00:00,2007-07-29 00:00:00
219,2007-07-30 00:00:00,2007-08-05 00:00:00
220,2007-08-06 00:00:00,2007-08-12 00:00:00
221,2007-08-13 00:00:00,2007-08-19 00:00:00
222,2007-08-20 00:00:00,2007-08-26 00:00:00
223,2007-08-27 00:00:00,2007-09-03 00:00:00
224,2007-09-04 00:00:00,2007-09-09 00:00:00
225,2007-09-10 00:00:00,2007-09-16 00:00:00
226,2007-09-17 00:00:00,2007-09-23 00:00:00
227,2007-09-24 00:00:00,2007-09-30 00:00:00
228,2007-10-01 00:00:00,2007-10-08 00:00:00
229,2007-10-09 00:00:00,2007-10-14 00:00:00
230,2007-10-15 00:00:00,2007-10-21 00:00:00
231,2007-10-22 00:00:00,2007-10-28 00:00:00
232,2007-10-29 00:00:00,2007-11-04 00:00:00
233,2007-11-05 00:00:00,2007-11-12 00:00:00
234,2007-11-13 00:00:00,2007-11-18 00:00:00
235,2007-11-19 00:00:00,2007-11-25 00:00:00
236,2007-11-26 00:00:00,2007-12-02 00:00:00
237,2007-12-03 00:00:00,2007-12-09 00:00:00
238,2007-12-10 00:00:00,2007-12-16 00:00:00
239,2007-12-17 00:00:00,2007-12-25 00:00:00
240,2007-12-26 00:00:00,2007-12-30 00:00:00
241,2007-12-31 00:00:00,2008-01-06 00:00:00
242,2008-01-07 00:00:00,2008-01-13 00:00:00
243,2008-01-14 00:00:00,2008-01-21 00:00:00
244,2008-01-22 00:00:00,2008-01-27 00:00:00
245,2008-01-28 00:00:00,2008-02-03 00:00:00
246,2008-02-04 00:00:00,2008-02-10 00:00:00
247,2008-02-11 00:00:00,2008-02-18 00:00:00
248,2008-02-19 00:00:00,2008-02-24 00:00:00
249,2008-02-25 00:00:00,2008-03-02 00:00:00
250,2008-03-03 00:00:00,2008-03-09 00:00:00
251,2008-03-10 00:00:00,2008-03-16 00:00:00
252,2008-03-17 00:00:00,2008-03-23 00:00:00
253,2008-03-24 00:00:00,2008-03-30 00:00:00
254,2008-03-31 00:00:00,2008-04-06 00:00:00
255,2008-04-07 00:00:00,2008-04-13 00:00:00
256,2008-04-14 00:00:00,2008-04-20 00:00:00
257,2008-04-21 00:00:00,2008-04-27 00:00:00
258,2008-04-28 00:00:00,2008-05-04 00:00:00
259,2008-05-05 00:00:00,2008-05-11 00:00:00
260,2008-05-12 00:00:00,2008-05-18 00:00:00
261,2008-05-19 00:00:00,2008-05-26 00:00:00
262,2008-05-27 00:00:00,2008-06-01 00:00:00
263,2008-06-02 00:00:00,2008-06-08 00:00:00
264,2008-06-09 00:00:00,2008-06-15 00:00:00
265,2008-06-16 00:00:00,2008-06-24 00:00:00
266,2008-06-25 00:00:00,2008-06-29 00:00:00
267,2008-06-30 00:00:00,2008-07-06 00:00:00
268,2008-07-07 00:00:00,2008-07-13 00:00:00
269,2008-07-14 00:00:00,2008-07-20 00:00:00
270,2008-07-21 00:00:00,2008-07-27 00:00:00
271,2008-07-28 00:00:00,2008-08-03 00:00:00
272,2008-08-04 00:00:00,2008-08-10 00:00:00
273,2008-08-11 00:00:00,2008-08-17 00:00:00
274,2008-08-18 00:00:00,2008-08-24 00:00:00
275,2008-08-25 00:00:00,2008-09-01 00:00:00
276,2008-09-02 00:00:00,2008-09-07 00:00:00
277,2008-09-08 00:00:00,2008-09-14 00:00:00
278,2008-09-15 00:00:00,2008-09-21 00:00:00
279,2008-09-22 00:00:00,2008-09-28 00:00:00
280,2008-09-29 00:00:00,2008-10-05 00:00:00
281,2008-10-06 00:00:00,2008-10-13 00:00:00
282,2008-10-14 00:00:00,2008-10-19 00:00:00
283,2008-10-20 00:00:00,2008-10-26 00:00:00
284,2008-10-27 00:00:00,2008-11-02 00:00:00
285,2008-11-03 00:00:00,2008-11-09 00:00:00
286,2008-11-10 00:00:00,2008-11-16 00:00:00
287,2008-11-17 00:00:00,2008-11-23 00:00:00
288,2008-11-24 00:00:00,2008-11-30 00:00:00
289,2008-12-01 00:00:00,2008-12-07 00:00:00
290,2008-12-08 00:00:00,2008-12-14 00:00:00
291,2008-12-15 00:00:00,2008-12-21 00:00:00
292,2008-12-22 00:00:00,2008-12-28 00:00:00
293,2008-12-29 00:00:00,2009-01-04 00:00:00
294,2009-01-05 00:00:00,2009-01-11 00:00:00
295,2009-01-12 00:00:00,2009-01-20 00:00:00
296,2009-01-21 00:00:00,2009-01-25 00:00:00
297,2009-01-26 00:00:00,2009-02-01 00:00:00
298,2009-02-02 00:00:00,2009-02-08 00:00:00
299,2009-02-09 00:00:00,2009-02-16 00:00:00
300,2009-02-17 00:00:00,2009-02-22 00:00:00
301,2009-02-23 00:00:00,2009-03-01 00:00:00
302,2009-03-02 00:00:00,2009-03-08 00:00:00
303,2009-03-09 00:00:00,2009-03-15 00:00:00
304,2009-03-16 00:00:00,2009-03-22 00:00:00
305,2009-03-23 00:00:00,2009-03-29 00:00:00
306,2009-03-30 00:00:00,2009-04-05 00:00:00
307,2009-04-06 00:00:00,2009-04-12 00:00:00
308,2009-04-13 00:00:00,2009-04-19 00:00:00
309,2009-04-20 00:00:00,2009-04-26 00:00:00
310,2009-04-27 00:00:00,2009-05-03 00:00:00
311,2009-05-04 00:00:00,2009-05-10 00:00:00
312,2009-05-11 00:00:00,2009-05-17 00:00:00
313,2009-05-18 00:00:00,2009-05-25 00:00:00
314,2009-05-26 00:00:00,2009-05-31 00:00:00
315,2009-06-01 00:00:00,2009-06-07 00:00:00
316,2009-06-08 00:00:00,2009-06-14 00:00:00
317,2009-06-15 00:00:00,2009-06-21 00:00:00
318,2009-06-22 00:00:00,2009-06-28 00:00:00
319,2009-06-29 00:00:00,2009-07-05 00:00:00
320,2009-07-06 00:00:00,2009-07-12 00:00:00
321,2009-07-13 00:00:00,2009-07-19 00:00:00
322,2009-07-20 00:00:00,2009-07-26 00:00:00
323,2009-07-27 00:00:00,2009-08-02 00:00:00
324,2009-08-03 00:00:00,2009-08-09 00:00:00
325,2009-08-10 00:00:00,2009-08-16 00:00:00
326,2009-08-17 00:00:00,2009-08-23 00:00:00
327,2009-08-24 00:00:00,2009-08-30 00:00:00
328,2009-08-31 00:00:00,2009-09-07 00:00:00
329,2009-09-08 00:00:00,2009-09-13 00:00:00
330,2009-09-14 00:00:00,2009-09-20 00:00:00
331,2009-09-21 00:00:00,2009-09-27 00:00:00
332,2009-09-28 00:00:00,2009-10-04 00:00:00
333,2009-10-05 00:00:00,2009-10-12 00:00:00
334,2009-10-13 00:00:00,2009-10-18 00:00:00
335,2009-10-19 00:00:00,2009-10-25 00:00:00
336,2009-10-26 00:00:00,2009-11-01 00:00:00
337,2009-11-02 00:00:00,2009-11-08 00:00:00
338,2009-11-09 00:00:00,2009-11-15 00:00:00
339,2009-11-16 00:00:00,2009-11-22 00:00:00
340,2009-11-23 00:00:00,2009-11-29 00:00:00
341,2009-11-30 00:00:00,2009-12-06 00:00:00
342,2009-12-07 00:00:00,2009-12-13 00:00:00
343,2009-12-14 00:00:00,2009-12-20 00:00:00
344,2009-12-21 00:00:00,2009-12-27 00:00:00
345,2009-12-28 00:00:00,2010-01-03 00:00:00
346,2010-01-04 00:00:00,2010-01-10 00:00:00
347,2010-01-11 00:00:00,2010-01-18 00:00:00
348,2010-01-19 00:00:00,2010-01-25 00:00:00
349,2010-01-25 08:30:00,2010-01-31 00:00:00
350,2010-02-01 00:00:00,2010-02-07 00:00:00
351,2010-02-08 00:00:00,2010-02-15 00:00:00
352,2010-02-16 00:00:00,2010-02-21 00:00:00
353,2010-02-22 00:00:00,2010-02-28 00:00:00
354,2010-03-01 00:00:00,2010-03-07 00:00:00
355,2010-03-08 00:00:00,2010-03-14 00:00:00
356,2010-03-15 00:00:00,2010-03-21 00:00:00
357,2010-03-22 00:00:00,2010-03-28 00:00:00
358,2010-03-29 00:00:00,2010-04-04 00:00:00
359,2010-04-05 00:00:00,2010-04-11 00:00:00
360,2010-04-12 00:00:00,2010-04-18 00:00:00
361,2010-04-19 00:00:00,2010-04-25 00:00:00
362,2010-04-26 00:00:00,2010-05-02 00:00:00
363,2010-05-03 00:00:00,2010-05-09 00:00:00
364,2010-05-10 00:00:00,2010-05-16 00:00:00
365,2010-05-17 00:00:00,2010-05-23 00:00:00
366,2010-05-24 00:00:00,2010-05-31 00:00:00
367,2010-06-01 00:00:00,2010-06-06 00:00:00
368,2010-06-07 00:00:00,2010-06-13 00:00:00
369,2010-06-14 00:00:00,2010-06-20 00:00:00
370,2010-06-21 00:00:00,2010-06-27 00:00:00
371,2010-06-28 00:00:00,2010-07-05 00:00:00
372,2010-07-06 00:00:00,2010-07-11 00:00:00
373,2010-07-12 00:00:00,2010-07-18 00:00:00
374,2010-07-19 00:00:00,2010-07-25 00:00:00
375,2010-07-26 00:00:00,2010-08-01 00:00:00
376,2010-08-02 00:00:00,2010-08-08 00:00:00
377,2010-08-09 00:00:00,2010-08-15 00:00:00
378,2010-08-16 00:00:00,2010-08-22 00:00:00
379,2010-08-23 00:00:00,2010-08-29 00:00:00
380,2010-08-30 00:00:00,2010-09-06 00:00:00
381,2010-09-07 00:00:00,2010-09-12 00:00:00
382,2010-09-13 00:00:00,2010-09-19 00:00:00
383,2010-09-20 00:00:00,2010-09-26 00:00:00
384,2010-09-27 00:00:00,2010-10-03 00:00:00
385,2010-10-04 00:00:00,2010-10-11 00:00:00
386,2010-10-12 00:00:00,2010-10-17 00:00:00
387,2010-10-18 00:00:00,2010-10-24 00:00:00
388,2010-10-25 00:00:00,2010-10-31 00:00:00
389,2010-11-01 00:00:00,2010-11-07 00:00:00
390,2010-11-08 00:00:00,2010-11-14 00:00:00
391,2010-11-15 00:00:00,2010-11-21 00:00:00
392,2010-11-22 00:00:00,2010-11-28 00:00:00
393,2010-11-29 00:00:00,2010-12-05 00:00:00
394,2010-12-06 00:00:00,2010-12-12 00:00:00
395,2010-12-13 00:00:00,2010-12-19 00:00:00
396,2010-12-20 00:00:00,2010-12-26 00:00:00
397,2010-12-27 00:00:00,2011-01-02 00:00:00
398,2011-01-03 00:00:00,2011-01-09 00:00:00
399,2011-01-10 00:00:00,2011-01-17 00:00:00
400,2011-01-18 00:00:00,2011-01-23 00:00:00
401,2011-01-24 00:00:00,2011-01-30 00:00:00
402,2011-01-31 00:00:00,2011-02-06 00:00:00
403,2011-02-07 00:00:00,2011-02-13 00:00:00
404,2011-02-14 00:00:00,2011-02-21 00:00:00
405,2011-02-22 00:00:00,2011-02-27 00:00:00
406,2011-02-28 00:00:00,2011-03-06 00:00:00
407,2011-03-07 00:00:00,2011-03-13 00:00:00
408,2011-03-14 00:00:00,2011-03-20 00:00:00
409,2011-03-21 00:00:00,2011-03-27 00:00:00
410,2011-03-28 00:00:00,2011-04-03 00:00:00
411,2011-04-04 00:00:00,2011-04-10 00:00:00
412,2011-04-11 00:00:00,2011-04-17 00:00:00
413,2011-04-18 00:00:00,2011-04-24 00:00:00
414,2011-04-25 00:00:00,2011-05-01 00:00:00
415,2011-05-02 00:00:00,2011-05-08 00:00:00
416,2011-05-09 00:00:00,2011-05-15 00:00:00
417,2011-05-16 00:00:00,2011-05-22 00:00:00
418,2011-05-23 00:00:00,2011-05-30 00:00:00
419,2011-05-31 00:00:00,2011-06-05 00:00:00
420,2011-06-06 00:00:00,2011-06-12 00:00:00
421,2011-06-13 00:00:00,2011-06-19 00:00:00
422,2011-06-20 00:00:00,2011-06-26 00:00:00
423,2011-06-27 00:00:00,2011-07-04 00:00:00
424,2011-07-05 00:00:00,2011-07-10 00:00:00
425,2011-07-11 00:00:00,2011-07-17 00:00:00
426,2011-07-18 00:00:00,2011-07-24 00:00:00
427,2011-07-25 00:00:00,2011-07-31 00:00:00
428,2011-08-01 00:00:00,2011-08-07 00:00:00
429,2011-08-08 00:00:00,2011-08-14 00:00:00
430,2011-08-15 00:00:00,2011-08-21 00:00:00
431,2011-08-22 00:00:00,2011-08-28 00:00:00
432,2011-08-29 00:00:00,2011-09-05 00:00:00
433,2011-09-06 00:00:00,2011-09-11 00:00:00
434,2011-09-12 00:00:00,2011-09-18 00:00:00
435,2011-09-19 00:00:00,2011-09-25 00:00:00
436,2011-09-26 00:00:00,2011-10-02 00:00:00
437,2011-10-03 00:00:00,2011-10-10 00:00:00
438,2011-10-11 00:00:00,2011-10-16 00:00:00
439,2011-10-17 00:00:00,2011-10-23 00:00:00
440,2011-10-24 00:00:00,2011-10-30 00:00:00
441,2011-10-31 00:00:00,2011-11-06 00:00:00
442,2011-11-07 00:00:00,2011-11-13 00:00:00
443,2011-11-14 00:00:00,2011-11-20 00:00:00
444,2011-11-21 00:00:00,2011-11-27 00:00:00
445,2011-11-28 00:00:00,2011-12-04 00:00:00
446,2011-12-05 00:00:00,2011-12-11 00:00:00
447,2011-12-12 00:00:00,2011-12-18 00:00:00
448,2011-12-19 00:00:00,2011-12-26 00:00:00
449,2011-12-27 00:00:00,2012-01-02 00:00:00
450,2012-01-03 00:00:00,2012-01-08 00:00:00
451,2012-01-09 00:00:00,2012-01-16 00:00:00
452,2012-01-17 00:00:00,2012-01-22 00:00:00
453,2012-01-23 00:00:00,2012-01-29 00:00:00
454,2012-01-30 00:00:00,2012-02-05 00:00:00
455,2012-02-06 00:00:00,2012-02-12 00:00:00
456,2012-02-13 00:00:00,2012-02-20 00:00:00
457,2012-02-21 00:00:00,2012-02-26 00:00:00
458,2012-02-27 00:00:00,2012-03-04 00:00:00
459,2012-03-05 00:00:00,2012-03-11 00:00:00
460,2012-03-12 00:00:00,2012-03-18 00:00:00
461,2012-03-19 00:00:00,2012-03-25 00:00:00
462,2012-03-26 00:00:00,2012-04-01 00:00:00
463,2012-04-02 00:00:00,2012-04-08 00:00:00
464,2012-04-09 00:00:00,2012-04-15 00:00:00
465,2012-04-16 00:00:00,2012-04-22 00:00:00
466,2012-04-23 00:00:00,2012-04-29 00:00:00
467,2012-04-30 00:00:00,2012-05-06 00:00:00
468,2012-05-07 00:00:00,2012-05-13 00:00:00
469,2012-05-14 00:00:00,2012-05-20 00:00:00
470,2012-05-21 00:00:00,2012-05-28 00:00:00
471,2012-05-29 00:00:00,2012-06-03 00:00:00
472,2012-06-04 00:00:00,2012-06-10 00:00:00
473,2012-06-11 00:00:00,2012-06-17 00:00:00
474,2012-06-18 00:00:00,2012-06-24 00:00:00
475,2012-06-25 00:00:00,2012-07-01 00:00:00
476,2012-07-02 00:00:00,2012-07-08 00:00:00
477,2012-07-09 00:00:00,2012-07-15 00:00:00
478,2012-07-16 00:00:00,2012-07-22 00:00:00
479,2012-07-23 00:00:00,2012-07-29 00:00:00
480,2012-07-30 00:00:00,2012-08-05 00:00:00
481,2012-08-06 00:00:00,2012-08-12 00:00:00
482,2012-08-13 00:00:00,2012-08-19 00:00:00
483,2012-08-20 00:00:00,2012-08-26 00:00:00
484,2012-08-27 00:00:00,2012-09-03 00:00:00
485,2012-09-04 00:00:00,2012-09-09 00:00:00
486,2012-09-10 00:00:00,2012-09-16 00:00:00
487,2012-09-17 00:00:00,2012-09-23 00:00:00
488,2012-09-24 00:00:00,2012-09-30 00:00:00
489,2012-10-01 00:00:00,2012-10-08 00:00:00
490,2012-10-09 00:00:00,2012-10-14 00:00:00
491,2012-10-15 00:00:00,2012-10-21 00:00:00
492,2012-10-22 00:00:00,2012-10-28 00:00:00
493,2012-10-29 00:00:00,2012-11-04 00:00:00
494,2012-11-05 00:00:00,2012-11-12 00:00:00
495,2012-11-13 00:00:00,2012-11-18 00:00:00
496,2012-11-19 00:00:00,2012-11-25 00:00:00
497,2012-11-26 00:00:00,2012-12-02 00:00:00
498,2012-12-03 00:00:00,2012-12-09 00:00:00
499,2012-12-10 00:00:00,2012-12-16 00:00:00
500,2012-12-17 00:00:00,2012-12-23 00:00:00
501,2012-12-24 00:00:00,2012-12-30 00:00:00
502,2012-12-31 00:00:00,2013-01-06 00:00:00
503,2013-01-07 00:00:00,2013-01-13 00:00:00
504,2013-01-14 00:00:00,2013-01-21 00:00:00
505,2013-01-22 00:00:00,2013-01-27 00:00:00
506,2013-01-28 00:00:00,2013-02-03 00:00:00
507,2013-02-04 00:00:00,2013-02-10 00:00:00
508,2013-02-11 00:00:00,2013-02-18 00:00:00
509,2013-02-19 00:00:00,2013-02-24 00:00:00
510,2013-02-25 00:00:00,2013-03-03 00:00:00
511,2013-03-04 00:00:00,2013-03-10 00:00:00
512,2013-03-11 00:00:00,2013-03-17 00:00:00
513,2013-03-18 00:00:00,2013-03-24 00:00:00
514,2013-03-25 00:00:00,2013-03-31 00:00:00
515,2013-04-01 00:00:00,2013-04-07 00:00:00
516,2013-04-08 00:00:00,2013-04-14 00:00:00
517,2013-04-15 00:00:00,2013-04-21 00:00:00
518,2013-04-22 00:00:00,2013-04-28 00:00:00
519,2013-04-29 00:00:00,2013-05-05 00:00:00
520,2013-05-06 00:00:00,2013-05-12 00:00:00
521,2013-05-13 00:00:00,2013-05-19 00:00:00
522,2013-05-20 00:00:00,2013-05-27 00:00:00
523,2013-05-28 00:00:00,2013-06-02 00:00:00
524,2013-06-03 00:00:00,2013-06-09 00:00:00
525,2013-06-10 00:00:00,2013-06-16 00:00:00
526,2013-06-17 00:00:00,2013-06-23 00:00:00
527,2013-06-24 00:00:00,2013-06-30 00:00:00
528,2013-07-01 00:00:00,2013-07-07 00:00:00
529,2013-07-08 00:00:00,2013-07-14 00:00:00
530,2013-07-15 00:00:00,2013-07-21 00:00:00
531,2013-07-22 00:00:00,2013-07-28 00:00:00
532,2013-07-29 00:00:00,2013-08-04 00:00:00
533,2013-08-05 00:00:00,2013-08-11 00:00:00
534,2013-08-12 00:00:00,2013-08-18 00:00:00
535,2013-08-19 00:00:00,2013-08-25 00:00:00
536,2013-08-26 00:00:00,2013-09-02 00:00:00
537,2013-09-03 00:00:00,2013-09-08 00:00:00
538,2013-09-09 00:00:00,2013-09-15 00:00:00
539,2013-09-16 00:00:00,2013-09-22 00:00:00
540,2013-09-23 00:00:00,2013-09-29 00:00:00
541,2013-09-30 00:00:00,2013-10-06 00:00:00
542,2013-10-07 00:00:00,2013-10-14 00:00:00
543,2013-10-15 00:00:00,2013-10-20 00:00:00
544,2013-10-21 00:00:00,2013-10-27 00:00:00
545,2013-10-28 00:00:00,2013-11-03 00:00:00
546,2013-11-04 00:00:00,2013-11-11 00:00:00
547,2013-11-12 00:00:00,2013-11-17 00:00:00
548,2013-11-18 00:00:00,2013-11-24 00:00:00
549,2013-11-25 00:00:00,2013-12-01 00:00:00
550,2013-12-02 00:00:00,2013-12-08 00:00:00
551,2013-12-09 00:00:00,2013-12-15 00:00:00
552,2013-12-16 00:00:00,2013-12-22 00:00:00
553,2013-12-23 00:00:00,2013-12-29 00:00:00
554,2013-12-30 00:00:00,2014-01-05 00:00:00
555,2014-01-06 00:00:00,2014-01-12 00:00:00
556,2014-01-13 00:00:00,2014-01-20 00:00:00
557,2014-01-21 00:00:00,2014-01-26 00:00:00
558,2014-01-27 00:00:00,2014-02-02 00:00:00
559,2014-02-03 00:00:00,2014-02-09 00:00:00
560,2014-02-10 00:00:00,2014-02-17 00:00:00
561,2014-02-18 00:00:00,2014-02-23 00:00:00
562,2014-02-24 00:00:00,2014-03-02 00:00:00
563,2014-03-03 00:00:00,2014-03-09 00:00:00
564,2014-03-10 00:00:00,2014-03-16 00:00:00
565,2014-03-17 00:00:00,2014-03-23 00:00:00
566,2014-03-24 00:00:00,2014-03-30 00:00:00
567,2014-03-31 00:00:00,2014-04-06 00:00:00
568,2014-04-07 00:00:00,2014-04-13 00:00:00
569,2014-04-14 00:00:00,2014-04-20 00:00:00
570,2014-04-21 00:00:00,2014-04-27 00:00:00
571,2014-04-28 00:00:00,2014-05-04 00:00:00
572,2014-05-05 00:00:00,2014-05-11 00:00:00
573,2014-05-12 00:00:00,2014-05-18 00:00:00
574,2014-05-19 00:00:00,2014-05-26 00:00:00
575,2014-05-27 00:00:00,2014-06-01 00:00:00
576,2014-06-02 00:00:00,2014-06-08 00:00:00
577,2014-06-09 00:00:00,2014-06-15 00:00:00
578,2014-06-16 00:00:00,2014-06-22 00:00:00
579,2014-06-23 00:00:00,2014-06-29 00:00:00
580,2014-06-30 00:00:00,2014-07-06 00:00:00
581,2014-07-07 00:00:00,2014-07-13 00:00:00
582,2014-07-14 00:00:00,2014-07-20 00:00:00
583,2014-07-21 00:00:00,2014-07-27 00:00:00
584,2014-07-28 00:00:00,2014-08-03 00:00:00
585,2014-08-04 00:00:00,2014-08-10 00:00:00
586,2014-08-11 00:00:00,2014-08-17 00:00:00
587,2014-08-18 00:00:00,2014-08-24 00:00:00
588,2014-08-25 00:00:00,2014-09-01 00:00:00
589,2014-09-02 00:00:00,2014-09-07 00:00:00
590,2014-09-08 00:00:00,2014-09-14 00:00:00
591,2014-09-15 00:00:00,2014-09-21 00:00:00
592,2014-09-22 00:00:00,2014-09-28 00:00:00
593,2014-09-29 00:00:00,2014-10-05 00:00:00
594,2014-10-06 00:00:00,2014-10-13 00:00:00
595,2014-10-14 00:00:00,2014-10-19 00:00:00
596,2014-10-20 00:00:00,2014-10-26 00:00:00
597,2014-10-27 00:00:00,2014-11-02 00:00:00
598,2014-11-03 00:00:00,2014-11-09 00:00:00
599,2014-11-10 00:00:00,2014-11-16 00:00:00
600,2014-11-17 00:00:00,2014-11-23 00:00:00
601,2014-11-24 00:00:00,2014-11-30 00:00:00
602,2014-12-01 00:00:00,2014-12-07 00:00:00
603,2014-12-08 00:00:00,2014-12-14 00:00:00
604,2014-12-15 00:00:00,2014-12-21 00:00:00
605,2014-12-22 00:00:00,2014-12-28 00:00:00
606,2014-12-29 00:00:00,2015-01-04 00:00:00
607,2015-01-05 00:00:00,2015-01-11 00:00:00
608,2015-01-12 00:00:00,2015-01-19 00:00:00
609,2015-01-20 00:00:00,2015-01-25 00:00:00
610,2015-01-26 00:00:00,2015-02-01 00:00:00
611,2015-02-02 00:00:00,2015-02-08 00:00:00
612,2015-02-09 00:00:00,2015-02-16 00:00:00
613,2015-02-17 00:00:00,2015-02-22 00:00:00
614,2015-02-23 00:00:00,2015-03-01 00:00:00
615,2015-03-02 00:00:00,2015-03-08 00:00:00
616,2015-03-09 00:00:00,2015-03-15 00:00:00
617,2015-03-16 00:00:00,2015-03-22 00:00:00
618,2015-03-23 00:00:00,2015-03-29 00:00:00
619,2015-03-30 00:00:00,2015-04-05 00:00:00
620,2015-04-06 00:00:00,2015-04-12 00:00:00
621,2015-04-13 00:00:00,2015-04-19 00:00:00
622,2015-04-20 00:00:00,2015-04-26 00:00:00
623,2015-04-27 00:00:00,2015-05-03 00:00:00
624,2015-05-04 00:00:00,2015-05-10 00:00:00
625,2015-05-11 00:00:00,2015-05-17 00:00:00
626,2015-05-18 00:00:00,2015-05-25 00:00:00
627,2015-05-26 00:00:00,2015-05-31 00:00:00
628,2015-06-01 00:00:00,2015-06-07 00:00:00
629,2015-06-08 00:00:00,2015-06-14 00:00:00
630,2015-06-15 00:00:00,2015-06-21 00:00:00
631,2015-06-22 00:00:00,2015-06-28 00:00:00
632,2015-06-29 00:00:00,2015-07-05 00:00:00
633,2015-07-06 00:00:00,2015-07-12 00:00:00
634,2015-07-13 00:00:00,2015-07-19 00:00:00
635,2015-07-20 00:00:00,2015-07-26 00:00:00
636,2015-07-27 00:00:00,2015-08-02 00:00:00
637,2015-08-03 00:00:00,2015-08-09 00:00:00
638,2015-08-10 00:00:00,2015-08-16 00:00:00
639,2015-08-17 00:00:00,2015-08-23 00:00:00
640,2015-08-24 00:00:00,2015-08-30 00:00:00
641,2015-08-31 00:00:00,2015-09-07 00:00:00
642,2015-09-08 00:00:00,2015-09-13 00:00:00
643,2015-09-14 00:00:00,2015-09-20 00:00:00
644,2015-09-21 00:00:00,2015-09-27 00:00:00
645,2015-09-28 00:00:00,2015-10-04 00:00:00
646,2015-10-05 00:00:00,2015-10-12 00:00:00
647,2015-10-13 00:00:00,2015-10-18 00:00:00
648,2015-10-19 00:00:00,2015-10-25 00:00:00
649,2015-10-26 00:00:00,2015-11-01 00:00:00
650,2015-11-02 00:00:00,2015-11-08 00:00:00
651,2015-11-09 00:00:00,2015-11-15 00:00:00
652,2015-11-16 00:00:00,2015-11-22 00:00:00
653,2015-11-23 00:00:00,2015-11-29 00:00:00
654,2015-11-30 00:00:00,2015-12-06 00:00:00
655,2015-12-07 00:00:00,2015-12-13 00:00:00
656,2015-12-14 00:00:00,2015-12-20 00:00:00
657,2015-12-21 00:00:00,2015-12-27 00:00:00
658,2015-12-28 00:00:00,2016-01-03 00:00:00
659,2016-01-04 00:00:00,2016-01-10 00:00:00
660,2016-01-11 00:00:00,2016-01-18 00:00:00
661,2016-01-19 00:00:00,2016-01-24 00:00:00
662,2016-01-25 00:00:00,2016-01-31 00:00:00
663,2016-01-31 00:00:00,2016-02-07 00:00:00
664,2016-02-08 00:00:00,2016-02-15 00:00:00
665,2016-02-16 00:00:00,2016-02-21 00:00:00
666,2016-02-22 00:00:00,2016-02-28 00:00:00
667,2016-02-29 00:00:00,2016-03-06 00:00:00
668,2016-03-07 00:00:00,2016-03-13 00:00:00
669,2016-03-14 00:00:00,2016-03-20 00:00:00
670,2016-03-21 00:00:00,2016-03-27 00:00:00
671,2016-03-28 00:00:00,2016-04-03 00:00:00
672,2016-04-04 00:00:00,2016-04-10 00:00:00
673,2016-04-11 00:00:00,2016-04-17 00:00:00
674,2016-04-18 00:00:00,2016-04-24 00:00:00
675,2016-04-25 00:00:00,2016-05-01 00:00:00
676,2016-05-02 00:00:00,2016-05-08 00:00:00
677,2016-05-09 00:00:00,2016-05-15 00:00:00
678,2016-05-16 00:00:00,2016-05-22 00:00:00
679,2016-05-23 00:00:00,2016-05-30 00:00:00
680,2016-05-31 00:00:00,2016-06-05 00:00:00
681,2016-06-06 00:00:00,2016-06-12 00:00:00
682,2016-06-13 00:00:00,2016-06-19 00:00:00
683,2016-06-20 00:00:00,2016-06-26 00:00:00
684,2016-06-27 00:00:00,2016-07-04 00:00:00
685,2016-07-05 00:00:00,2016-07-10 00:00:00
686,2016-07-11 00:00:00,2016-07-17 00:00:00
687,2016-07-18 00:00:00,2016-07-24 00:00:00
688,2016-07-25 00:00:00,2016-07-31 00:00:00
689,2016-08-01 00:00:00,2016-08-07 00:00:00
690,2016-08-08 00:00:00,2016-08-14 00:00:00
691,2016-08-15 00:00:00,2016-08-21 00:00:00
692,2016-08-22 00:00:00,2016-08-28 00:00:00
693,2016-08-29 00:00:00,2016-09-05 00:00:00
694,2016-09-06 00:00:00,2016-09-11 00:00:00
695,2016-09-12 00:00:00,2016-09-18 00:00:00
696,2016-09-19 00:00:00,2016-09-25 00:00:00
697,2016-09-26 00:00:00,2016-10-02 00:00:00
698,2016-10-03 00:00:00,2016-10-10 00:00:00
699,2016-10-11 00:00:00,2016-10-16 00:00:00
700,2016-10-17 00:00:00,2016-10-23 00:00:00
701,2016-10-24 00:00:00,2016-10-30 00:00:00
702,2016-10-31 00:00:00,2016-11-06 00:00:00
703,2016-11-07 00:00:00,2016-11-13 00:00:00
704,2016-11-14 00:00:00,2016-11-20 00:00:00
705,2016-11-21 00:00:00,2016-11-27 00:00:00
706,2016-11-28 00:00:00,2016-12-04 00:00:00
707,2016-12-05 00:00:00,2016-12-11 00:00:00
708,2016-12-12 00:00:00,2016-12-18 00:00:00
709,2016-12-19 00:00:00,2016-12-26 00:00:00
710,2016-12-27 00:00:00,2017-01-02 00:00:00
711,2017-01-03 00:00:00,2017-01-08 00:00:00
712,2017-01-09 00:00:00,2017-01-16 00:00:00
713,2017-01-17 00:00:00,2017-01-22 00:00:00
714,2017-01-23 00:00:00,2017-01-29 00:00:00
715,2017-01-30 00:00:00,2017-02-05 00:00:00
716,2017-02-06 00:00:00,2017-02-12 00:00:00
717,2017-02-13 00:00:00,2017-02-20 00:00:00
718,2017-02-21 00:00:00,2017-02-26 00:00:00
719,2017-02-27 00:00:00,2017-03-05 00:00:00
720,2017-03-06 00:00:00,2017-03-12 00:00:00
721,2017-03-13 00:00:00,2017-03-19 00:00:00
722,2017-03-20 00:00:00,2017-03-26 00:00:00
723,2017-03-27 00:00:00,2017-04-02 00:00:00
724,2017-04-03 00:00:00,2017-04-09 00:00:00
725,2017-04-10 00:00:00,2017-04-16 00:00:00
726,2017-04-17 00:00:00,2017-04-23 00:00:00
727,2017-04-24 00:00:00,2017-04-30 00:00:00
728,2017-05-01 00:00:00,2017-05-07 00:00:00
729,2017-05-08 00:00:00,2017-05-14 00:00:00
730,2017-05-15 00:00:00,2017-05-21 00:00:00
731,2017-05-22 00:00:00,2017-05-29 00:00:00
732,2017-05-30 00:00:00,2017-06-04 00:00:00
733,2017-06-05 00:00:00,2017-06-11 00:00:00
734,2017-06-12 00:00:00,2017-06-18 00:00:00
735,2017-06-19 00:00:00,2017-06-25 00:00:00
736,2017-06-26 00:00:00,2017-07-02 00:00:00
737,2017-07-03 00:00:00,2017-07-09 00:00:00
738,2017-07-10 00:00:00,2017-07-16 00:00:00
739,2017-07-17 00:00:00,2017-07-23 00:00:00
740,2017-07-24 00:00:00,2017-07-30 00:00:00
741,2017-07-31 00:00:00,2017-08-06 00:00:00
742,2017-08-07 00:00:00,2017-08-13 00:00:00
743,2017-08-14 00:00:00,2017-08-20 00:00:00
744,2017-08-21 00:00:00,2017-08-27 00:00:00
745,2017-08-28 00:00:00,2017-09-04 00:00:00
746,2017-09-05 00:00:00,2017-09-10 00:00:00
747,2017-09-11 00:00:00,2017-09-17 00:00:00
748,2017-09-18 00:00:00,2017-09-24 00:00:00
749,2017-09-25 00:00:00,2017-10-01 00:00:00
750,2017-10-02 00:00:00,2017-10-09 00:00:00
751,2017-10-10 00:00:00,2017-10-15 00:00:00
752,2017-10-16 00:00:00,2017-10-22 00:00:00
753,2017-10-23 00:00:00,2017-10-29 00:00:00
754,2017-10-30 00:00:00,2017-11-05 00:00:00
755,2017-11-06 00:00:00,2017-11-12 00:00:00
756,2017-11-13 00:00:00,2017-11-19 00:00:00
757,2017-11-20 00:00:00,2017-11-26 00:00:00
758,2017-11-27 00:00:00,2017-12-03 00:00:00
759,2017-12-04 00:00:00,2017-12-10 00:00:00
760,2017-12-11 00:00:00,2017-12-17 00:00:00
761,2017-12-18 00:00:00,2017-12-25 00:00:00
762,2017-12-26 00:00:00,2018-01-01 00:00:00
763,2018-01-02 00:00:00,2018-01-07 00:00:00
764,2018-01-08 00:00:00,2018-01-15 00:00:00
765,2018-01-16 00:00:00,2018-01-21 00:00:00
766,2018-01-22 00:00:00,2018-01-28 00:00:00
767,2018-01-29 00:00:00,2018-02-04 00:00:00
768,2018-02-05 00:00:00,2018-02-11 00:00:00
769,2018-02-12 00:00:00,2018-02-19 00:00:00
770,2018-02-20 00:00:00,2018-02-25 00:00:00
771,2018-02-26 00:00:00,2018-03-04 00:00:00
772,2018-03-05 00:00:00,2018-03-11 00:00:00
773,2018-03-12 00:00:00,2018-03-18 00:00:00
774,2018-03-19 00:00:00,2018-03-25 00:00:00
775,2018-03-26 00:00:00,2018-04-01 00:00:00
776,2018-04-02 00:00:00,2018-04-08 00:00:00
777,2018-04-09 00:00:00,2018-04-15 00:00:00
778,2018-04-16 00:00:00,2018-04-22 00:00:00
779,2018-04-23 00:00:00,2018-04-29 00:00:00
780,2018-04-30 00:00:00,2018-05-06 00:00:00
781,2018-05-07 00:00:00,2018-05-13 00:00:00
782,2018-05-14 00:00:00,2018-05-20 00:00:00
783,2018-05-21 00:00:00,2018-05-28 00:00:00
784,2018-05-29 00:00:00,2018-06-03 00:00:00
785,2018-06-04 00:00:00,2018-06-10 00:00:00
786,2018-06-11 00:00:00,2018-06-17 00:00:00
787,2018-06-18 00:00:00,2018-06-24 00:00:00
788,2018-06-25 00:00:00,2018-07-01 00:00:00
789,2018-07-02 00:00:00,2018-07-08 00:00:00
790,2018-07-09 00:00:00,2018-07-15 00:00:00
791,2018-07-16 00:00:00,2018-07-22 00:00:00
792,2018-07-23 00:00:00,2018-07-29 00:00:00
793,2018-07-30 00:00:00,2018-08-05 00:00:00
794,2018-08-06 00:00:00,2018-08-12 00:00:00
795,2018-08-13 00:00:00,2018-08-19 00:00:00
796,2018-08-20 00:00:00,2018-08-26 00:00:00
797,2018-08-27 00:00:00,2018-09-03 00:00:00
798,2018-09-04 00:00:00,2018-09-09 00:00:00
799,2018-09-10 00:00:00,2018-09-16 00:00:00
800,2018-09-17 00:00:00,2018-09-23 00:00:00
801,2018-09-24 00:00:00,2018-09-30 00:00:00
802,2018-10-01 00:00:00,2018-10-08 00:00:00
803,2018-10-09 00:00:00,2018-10-14 00:00:00
804,2018-10-15 00:00:00,2018-10-21 00:00:00
805,2018-10-22 00:00:00,2018-10-28 00:00:00
806,2018-10-29 00:00:00,2018-11-04 00:00:00
807,2018-11-05 00:00:00,2018-11-12 00:00:00
808,2018-11-13 00:00:00,2018-11-18 00:00:00
809,2018-11-19 00:00:00,2018-11-25 00:00:00
810,2018-11-26 00:00:00,2018-12-02 00:00:00
811,2018-12-03 00:00:00,2018-12-09 00:00:00
812,2018-12-10 00:00:00,2018-12-16 00:00:00
813,2018-12-17 00:00:00,2018-12-23 00:00:00
814,2018-12-24 00:00:00,2018-12-30 00:00:00
815,2018-12-31 00:00:00,2019-01-06 00:00:00
816,2019-01-07 00:00:00,2019-01-13 00:00:00
817,2019-01-14 00:00:00,2019-01-21 00:00:00
818,2019-01-22 00:00:00,2019-01-27 00:00:00
819,2019-01-28 00:00:00,2019-02-03 00:00:00
820,2019-02-04 00:00:00,2019-02-10 00:00:00
821,2019-02-11 00:00:00,2019-02-18 00:00:00
822,2019-02-19 00:00:00,2019-02-24 00:00:00
823,2019-02-25 00:00:00,2019-03-03 00:00:00
824,2019-03-04 00:00:00,2019-03-10 00:00:00
825,2019-03-11 00:00:00,2019-03-17 00:00:00
826,2019-03-18 00:00:00,2019-03-24 00:00:00
827,2019-03-25 00:00:00,2019-03-31 00:00:00
828,2019-04-01 00:00:00,2019-04-07 00:00:00
829,2019-04-08 00:00:00,2019-04-14 00:00:00
830,2019-04-15 00:00:00,2019-04-21 00:00:00
831,2019-04-22 00:00:00,2019-04-28 00:00:00
832,2019-04-29 00:00:00,2019-05-05 00:00:00
833,2019-05-06 00:00:00,2019-05-12 00:00:00
834,2019-05-13 00:00:00,2019-05-19 00:00:00
835,2019-05-20 00:00:00,2019-05-26 00:00:00
836,2019-05-27 00:00:00,2019-06-02 00:00:00
837,2019-06-03 00:00:00,2019-06-09 00:00:00
838,2019-06-10 00:00:00,2019-06-16 00:00:00
839,2019-06-17 00:00:00,2019-06-23 00:00:00
840,2019-06-24 00:00:00,2019-06-30 00:00:00
841,2019-07-01 00:00:00,2019-07-07 00:00:00
842,2019-07-08 00:00:00,2019-07-14 00:00:00
843,2019-07-15 00:00:00,2019-07-21 00:00:00
844,2019-07-22 00:00:00,2019-07-28 00:00:00
845,2019-07-29 00:00:00,2019-08-04 00:00:00
846,2019-08-05 00:00:00,2019-08-11 00:00:00
847,2019-08-12 00:00:00,2019-08-18 00:00:00
848,2019-08-19 00:00:00,2019-08-25 00:00:00
849,2019-08-26 00:00:00,2019-09-01 00:00:00
850,2019-09-02 00:00:00,2019-09-08 00:00:00
851,2019-09-09 00:00:00,2019-09-15 00:00:00
852,2019-09-16 00:00:00,2019-09-22 00:00:00
853,2019-09-23 00:00:00,2019-09-29 00:00:00
854,2019-09-30 00:00:00,2019-10-06 00:00:00
855,2019-10-07 00:00:00,2019-10-13 00:00:00
856,2019-10-14 00:00:00,2019-10-20 00:00:00
857,2019-10-21 00:00:00,2019-10-27 00:00:00
858,2019-10-28 00:00:00,2019-11-03 00:00:00
859,2019-11-04 00:00:00,2019-11-10 00:00:00
860,2019-11-11 00:00:00,2019-11-17 00:00:00
861,2019-11-18 00:00:00,2019-11-24 00:00:00
862,2019-11-25 00:00:00,2019-12-01 00:00:00
863,2019-12-02 00:00:00,2019-12-08 00:00:00
864,2019-12-09 00:00:00,2019-12-15 00:00:00
865,2019-12-16 00:00:00,2019-12-22 00:00:00
866,2019-12-23 00:00:00,2019-12-29 00:00:00
867,2019-12-30 00:00:00,2020-01-05 00:00:00
868,2020-01-06 00:00:00,2020-01-12 00:00:00
869,2020-01-13 00:00:00,2020-01-19 00:00:00
870,2020-01-20 00:00:00,2020-01-26 00:00:00
871,2020-01-27 00:00:00,2020-02-02 00:00:00
872,2020-02-03 00:00:00,2020-02-09 00:00:00
873,2020-02-10 00:00:00,2020-02-16 00:00:00
874,2020-02-17 00:00:00,2020-02-23 00:00:00
875,2020-02-24 00:00:00,2020-03-01 00:00:00
876,2020-03-02 00:00:00,2020-03-08 00:00:00
877,2020-03-09 00:00:00,2020-03-15 00:00:00
878,2020-03-16 00:00:00,2020-03-22 00:00:00
879,2020-03-23 00:00:00,2020-03-29 00:00:00
880,2020-03-30 00:00:00,2020-04-05 00:00:00
881,2020-04-06 00:00:00,2020-04-12 00:00:00
882,2020-04-13 00:00:00,2020-04-19 00:00:00
883,2020-04-20 00:00:00,2020-04-26 00:00:00
884,2020-04-27 00:00:00,2020-05-03 00:00:00
885,2020-05-04 00:00:00,2020-05-10 00:00:00
886,2020-05-11 00:00:00,2020-05-17 00:00:00
887,2020-05-18 00:00:00,2020-05-24 00:00:00
888,2020-05-25 00:00:00,2020-05-31 00:00:00
889,2020-06-01 00:00:00,2020-06-07 00:00:00
890,2020-06-08 00:00:00,2020-06-14 00:00:00
891,2020-06-15 00:00:00,2020-06-21 00:00:00
892,2020-06-22 00:00:00,2020-06-28 00:00:00
893,2020-06-29 00:00:00,2020-07-05 00:00:00
894,2020-07-06 00:00:00,2020-07-12 00:00:00
895,2020-07-13 00:00:00,2020-07-19 00:00:00
896,2020-07-20 00:00:00,2020-07-26 00:00:00
897,2020-07-27 00:00:00,2020-08-02 00:00:00
898,2020-08-03 00:00:00,2020-08-09 00:00:00
899,2020-08-10 00:00:00,2020-08-16 00:00:00
900,2020-08-17 00:00:00,2020-08-23 00:00:00
901,2020-08-24 00:00:00,2020-08-30 00:00:00
902,2020-08-31 00:00:00,2020-09-06 00:00:00
903,2020-09-07 00:00:00,2020-09-13 00:00:00
904,2020-09-14 00:00:00,2020-09-20 00:00:00
905,2020-09-21 00:00:00,2020-09-27 00:00:00
906,2020-09-28 00:00:00,2020-10-04 00:00:00
907,2020-10-05 00:00:00,2020-10-11 00:00:00
908,2020-10-12 00:00:00,2020-10-18 00:00:00
909,2020-10-19 00:00:00,2020-10-25 00:00:00
910,2020-10-26 00:00:00,2020-11-01 00:00:00
911,2020-11-02 00:00:00,2020-11-08 00:00:00
912,2020-11-09 00:00:00,2020-11-15 00:00:00
913,2020-11-16 00:00:00,2020-11-22 00:00:00
914,2020-11-23 00:00:00,2020-11-29 00:00:00
915,2020-11-30 00:00:00,2020-12-06 00:00:00
916,2020-12-07 00:00:00,2020-12-13 00:00:00
917,2020-12-14 00:00:00,2020-12-20 00:00:00
918,2020-12-21 00:00:00,2020-12-27 00:00:00
919,2020-12-28 00:00:00,2021-01-03 00:00:00
920,2021-01-04 00:00:00,2021-01-10 00:00:00
921,2021-01-11 00:00:00,2021-01-17 00:00:00
922,2021-01-18 00:00:00,2021-01-24 00:00:00
923,2021-01-25 00:00:00,2021-01-31 00:00:00
924,2021-02-01 00:00:00,2021-02-07 00:00:00
925,2021-02-08 00:00:00,2021-02-14 00:00:00
926,2021-02-15 00:00:00,2021-02-21 00:00:00
927,2021-02-22 00:00:00,2021-02-28 00:00:00
928,2021-03-01 00:00:00,2021-03-07 00:00:00
929,2021-03-08 00:00:00,2021-03-14 00:00:00
930,2021-03-15 00:00:00,2021-03-21 00:00:00
931,2021-03-22 00:00:00,2021-03-28 00:00:00
932,2021-03-29 00:00:00,2021-04-04 00:00:00
933,2021-04-05 00:00:00,2021-04-11 00:00:00
934,2021-04-12 00:00:00,2021-04-18 00:00:00
935,2021-04-19 00:00:00,2021-04-25 00:00:00
936,2021-04-26 00:00:00,2021-05-02 00:00:00
937,2021-05-03 00:00:00,2021-05-09 00:00:00
938,2021-05-10 00:00:00,2021-05-16 00:00:00
939,2021-05-17 00:00:00,2021-05-23 00:00:00
940,2021-05-24 00:00:00,2021-05-30 00:00:00
941,2021-05-31 00:00:00,2021-06-06 00:00:00
942,2021-06-07 00:00:00,2021-06-13 00:00:00
943,2021-06-14 00:00:00,2021-06-20 00:00:00
944,2021-06-21 00:00:00,2021-06-27 00:00:00
945,2021-06-28 00:00:00,2021-07-04 00:00:00
946,2021-07-05 00:00:00,2021-07-11 00:00:00
947,2021-07-12 00:00:00,2021-07-18 00:00:00
948,2021-07-19 00:00:00,2021-07-25 00:00:00
949,2021-07-26 00:00:00,2021-08-01 00:00:00
950,2021-08-02 00:00:00,2021-08-08 00:00:00
951,2021-08-09 00:00:00,2021-08-15 00:00:00
952,2021-08-16 00:00:00,2021-08-22 00:00:00
953,2021-08-23 00:00:00,2021-08-29 00:00:00
954,2021-08-30 00:00:00,2021-09-05 00:00:00
955,2021-09-06 00:00:00,2021-09-12 00:00:00
956,2021-09-13 00:00:00,2021-09-19 00:00:00
957,2021-09-20 00:00:00,2021-09-26 00:00:00
958,2021-09-27 00:00:00,2021-10-03 00:00:00
959,2021-10-04 00:00:00,2021-10-10 00:00:00
960,2021-10-11 00:00:00,2021-10-17 00:00:00
961,2021-10-18 00:00:00,2021-10-24 00:00:00
962,2021-10-25 00:00:00,2021-10-31 00:00:00
963,2021-11-01 00:00:00,2021-11-07 00:00:00
964,2021-11-08 00:00:00,2021-11-14 00:00:00
965,2021-11-15 00:00:00,2021-11-21 00:00:00
966,2021-11-22 00:00:00,2021-11-28 00:00:00
967,2021-11-29 00:00:00,2021-12-05 00:00:00
968,2021-12-06 00:00:00,2021-12-12 00:00:00
969,2021-12-13 00:00:00,2021-12-19 00:00:00
970,2021-12-20 00:00:00,2021-12-26 00:00:00
971,2021-12-27 00:00:00,2022-01-02 00:00:00
972,2022-01-03 00:00:00,2022-01-09 00:00:00
973,2022-01-10 00:00:00,2022-01-16 00:00:00
974,2022-01-17 00:00:00,2022-01-23 00:00:00
975,2022-01-24 00:00:00,2022-01-30 00:00:00
976,2022-01-31 00:00:00,2022-02-06 00:00:00
977,2022-02-07 00:00:00,2022-02-13 00:00:00
978,2022-02-14 00:00:00,2022-02-20 00:00:00
979,2022-02-21 00:00:00,2022-02-27 00:00:00
980,2022-02-28 00:00:00,2022-03-06 00:00:00
981,2022-03-07 00:00:00,2022-03-13 00:00:00
982,2022-03-14 00:00:00,2022-03-20 00:00:00
983,2022-03-21 00:00:00,2022-03-27 00:00:00
984,2022-03-28 00:00:00,2022-04-03 00:00:00
985,2022-04-04 00:00:00,2022-04-10 00:00:00
986,2022-04-11 00:00:00,2022-04-17 00:00:00
987,2022-04-18 00:00:00,2022-04-24 00:00:00
988,2022-04-25 00:00:00,2022-05-01 00:00:00
989,2022-05-02 00:00:00,2022-05-08 00:00:00
990,2022-05-09 00:00:00,2022-05-15 00:00:00
991,2022-05-16 00:00:00,2022-05-22 00:00:00
992,2022-05-23 00:00:00,2022-05-29 00:00:00
993,2022-05-30 00:00:00,2022-06-05 00:00:00
994,2022-06-06 00:00:00,2022-06-12 00:00:00
995,2022-06-13 00:00:00,2022-06-19 00:00:00
996,2022-06-20 00:00:00,2022-06-26 00:00:00
997,2022-06-27 00:00:00,2022-07-03 00:00:00
998,2022-07-04 00:00:00,2022-07-10 00:00:00
999,2022-07-11 00:00:00,2022-07-17 00:00:00
1000,2022-07-18 00:00:00,2022-07-24 00:00:00
1001,2022-07-25 00:00:00,2022-07-31 00:00:00
1002,2022-08-01 00:00:00,2022-08-07 00:00:00
1003,2022-08-08 00:00:00,2022-08-14 00:00:00
1004,2022-08-15 00:00:00,2022-08-21 00:00:00
1005,2022-08-22 00:00:00,2022-08-28 00:00:00
1006,2022-08-29 00:00:00,2022-09-04 00:00:00
1007,2022-09-05 00:00:00,2022-09-11 00:00:00
1008,2022-09-12 00:00:00,2022-09-18 00:00:00
1009,2022-09-19 00:00:00,2022-09-25 00:00:00
1010,2022-09-26 00:00:00,2022-10-02 00:00:00
1011,2022-10-03 00:00:00,2022-10-09 00:00:00
1012,2022-10-10 00:00:00,2022-10-16 00:00:00
1013,2022-10-17 00:00:00,2022-10-23 00:00:00
1014,2022-10-24 00:00:00,2022-10-30 00:00:00
1015,2022-10-31 00:00:00,2022-11-06 00:00:00
1016,2022-11-07 00:00:00,2022-11-13 00:00:00
1017,2022-11-14 00:00:00,2022-11-20 00:00:00
1018,2022-11-21 00:00:00,2022-11-27 00:00:00
1019,2022-11-28 00:00:00,2022-12-04 00:00:00
1020,2022-12-05 00:00:00,2022-12-11 00:00:00
1021,2022-12-12 00:00:00,2022-12-18 00:00:00
1022,2022-12-19 00:00:00,2022-12-25 00:00:00
1023,2022-12-26 00:00:00,2023-01-01 00:00:00
1024,2023-01-02 00:00:00,2023-01-08 00:00:00
1025,2023-01-09 00:00:00,2023-01-15 00:00:00
1026,2023-01-16 00:00:00,2023-01-22 00:00:00
1027,2023-01-23 00:00:00,2023-01-29 00:00:00
1028,2023-01-30 00:00:00,2023-02-05 00:00:00
1029,2023-02-06 00:00:00,2023-02-12 00:00:00
1030,2023-02-13 00:00:00,2023-02-19 00:00:00
1031,2023-02-20 00:00:00,2023-02-26 00:00:00
1032,2023-02-27 00:00:00,2023-03-05 00:00:00
1033,2023-03-06 00:00:00,2023-03-12 00:00:00
1034,2023-03-13 00:00:00,2023-03-19 00:00:00
1035,2023-03-20 00:00:00,2023-03-26 00:00:00
1036,2023-03-27 00:00:00,2023-04-02 00:00:00
1037,2023-04-03 00:00:00,2023-04-09 00:00:00
1038,2023-04-10 00:00:00,2023-04-16 00:00:00
1039,2023-04-17 00:00:00,2023-04-23 00:00:00
1040,2023-04-24 00:00:00,2023-04-30 00:00:00
1041,2023-05-01 00:00:00,2023-05-07 00:00:00
1042,2023-05-08 00:00:00,2023-05-14 00:00:00
1043,2023-05-15 00:00:00,2023-05-21 00:00:00
1044,2023-05-22 00:00:00,2023-05-28 00:00:00
1045,2023-05-29 00:00:00,2023-06-04 00:00:00
1046,2023-06-05 00:00:00,2023-06-11 00:00:00
1047,2023-06-12 00:00:00,2023-06-18 00:00:00
1048,2023-06-19 00:00:00,2023-06-25 00:00:00
1049,2023-06-26 00:00:00,2023-07-02 00:00:00
1050,2023-07-03 00:00:00,2023-07-09 00:00:00
1052,2023-07-10 00:00:00,2023-07-16 00:00:00
1053,2023-07-17 00:00:00,2023-07-23 00:00:00
1054,2023-07-24 00:00:00,2023-07-30 00:00:00
1055,2023-07-31 00:00:00,2023-08-06 00:00:00
1056,2023-08-07 00:00:00,2023-08-13 00:00:00
1057,2023-08-14 00:00:00,2023-08-20 00:00:00
1058,2023-08-21 00:00:00,2023-08-27 00:00:00
1059,2023-08-28 00:00:00,2023-09-03 00:00:00
1060,2023-09-04 00:00:00,2023-09-10 00:00:00
1061,2023-09-11 00:00:00,2023-09-17 00:00:00
1062,2023-09-18 00:00:00,2023-09-24 00:00:00
1063,2023-09-25 00:00:00,2023-10-01 00:00:00
1064,2023-10-02 00:00:00,2023-10-08 00:00:00
1065,2023-10-09 00:00:00,2023-10-15 00:00:00
1066,2023-10-16 00:00:00,2023-10-22 00:00:00
1067,2023-10-23 00:00:00,2023-10-29 00:00:00
1068,2023-10-30 00:00:00,2023-11-05 00:00:00
1069,2023-11-06 00:00:00,2023-11-12 00:00:00
1070,2023-11-13 00:00:00,2023-11-19 00:00:00
1071,2023-11-20 00:00:00,2023-11-26 00:00:00
1072,2023-11-27 00:00:00,2023-12-03 00:00:00
1073,2023-12-04 00:00:00,2023-12-10 00:00:00
1074,2023-12-11 00:00:00,2023-12-17 00:00:00
1075,2023-12-18 00:00:00,2023-12-24 00:00:00
1076,2023-12-25 00:00:00,2023-12-31 00:00:00
1077,2024-01-01 00:00:00,2024-01-07 00:00:00
1078,2024-01-08 00:00:00,2024-01-14 00:00:00
1079,2024-01-15 00:00:00,2024-01-21 00:00:00
1080,2024-01-22 00:00:00,2024-01-28 00:00:00
1081,2024-01-29 00:00:00,2024-02-04 00:00:00
1082,2024-02-05 00:00:00,2024-02-11 00:00:00
1083,2024-02-12 00:00:00,2024-02-18 00:00:00
1084,2024-02-19 00:00:00,2024-02-25 00:00:00
1085,2024-02-26 00:00:00,2024-03-03 00:00:00
1086,2024-03-04 00:00:00,2024-03-10 00:00:00
1087,2024-03-11 00:00:00,2024-03-17 00:00:00
1088,2024-03-18 00:00:00,2024-03-24 00:00:00
1089,2024-03-25 00:00:00,2024-03-31 00:00:00
1090,2024-04-01 00:00:00,2024-04-07 00:00:00
1091,2024-04-08 00:00:00,2024-04-14 00:00:00
1092,2024-04-15 00:00:00,2024-04-21 00:00:00
1093,2024-04-22 00:00:00,2024-04-28 00:00:00
1094,2024-04-29 00:00:00,2024-05-05 00:00:00
1095,2024-05-06 00:00:00,2024-05-12 00:00:00
1096,2024-05-13 00:00:00,2024-05-19 00:00:00
1097,2024-05-20 00:00:00,2024-05-26 00:00:00
1098,2024-05-27 00:00:00,2024-06-02 00:00:00
1099,2024-06-03 00:00:00,2024-06-09 00:00:00
1100,2024-06-10 00:00:00,2024-06-16 00:00:00
1101,2024-06-17 00:00:00,2024-06-23 00:00:00
1102,2024-06-24 00:00:00,2024-06-30 00:00:00
1103,2024-07-01 00:00:00,2024-07-07 00:00:00
1104,2024-07-08 00:00:00,2024-07-14 00:00:00
1105,2024-07-15 00:00:00,2024-07-21 00:00:00
1106,2024-07-22 00:00:00,2024-07-28 00:00:00
1107,2024-07-29 00:00:00,2024-08-04 00:00:00
1108,2024-08-05 00:00:00,2024-08-11 00:00:00
1109,2024-08-12 00:00:00,2024-08-18 00:00:00
1110,2024-08-19 00:00:00,2024-08-25 00:00:00
1111,2024-08-26 00:00:00,2024-09-01 00:00:00
1112,2024-09-02 00:00:00,2024-09-08 00:00:00
1113,2024-09-09 00:00:00,2024-09-15 00:00:00
1114,2024-09-16 00:00:00,2024-09-22 00:00:00
1115,2024-09-23 00:00:00,2024-09-29 00:00:00
1116,2024-09-30 00:00:00,2024-10-06 00:00:00
1117,2024-10-07 00:00:00,2024-10-13 00:00:00
1118,2024-10-14 00:00:00,2024-10-20 00:00:00
1119,2024-10-21 00:00:00,2024-10-27 00:00:00
1120,2024-10-28 00:00:00,2024-11-03 00:00:00
1121,2024-11-04 00:00:00,2024-11-10 00:00:00
1122,2024-11-11 00:00:00,2024-11-17 00:00:00
1123,2024-11-18 00:00:00,2024-11-24 00:00:00
1124,2024-11-25 00:00:00,2024-12-01 00:00:00
1125,2024-12-02 00:00:00,2024-12-08 00:00:00
1126,2024-12-09 00:00:00,2024-12-15 00:00:00
1127,2024-12-16 00:00:00,2024-12-22 00:00:00
1128,2024-12-23 00:00:00,2024-12-29 00:00:00
1129,2024-12-30 00:00:00,2025-01-05 00:00:00
1130,2025-01-06 00:00:00,2025-01-12 00:00:00
1131,2025-01-13 00:00:00,2025-01-19 00:00:00
1132,2025-01-20 00:00:00,2025-01-26 00:00:00
1133,2025-01-27 00:00:00,2025-02-02 00:00:00
1134,2025-02-03 00:00:00,2025-02-09 00:00:00
1135,2025-02-10 00:00:00,2025-02-16 00:00:00
1136,2025-02-17 00:00:00,2025-02-23 00:00:00
1137,2025-02-24 00:00:00,2025-03-02 00:00:00
1138,2025-03-03 00:00:00,2025-03-09 00:00:00
1139,2025-03-10 00:00:00,2025-03-16 00:00:00
1140,2025-03-17 00:00:00,2025-03-23 00:00:00
1141,2025-03-24 00:00:00,2025-03-30 00:00:00
1142,2025-03-31 00:00:00,2025-04-06 00:00:00
1143,2025-04-07 00:00:00,2025-04-13 00:00:00
1144,2025-04-14 00:00:00,2025-04-20 00:00:00
1145,2025-04-21 00:00:00,2025-04-27 00:00:00
1146,2025-04-28 00:00:00,2025-05-04 00:00:00
1147,2025-05-05 00:00:00,2025-05-11 00:00:00
1148,2025-05-12 00:00:00,2025-05-18 00:00:00
1149,2025-05-19 00:00:00,2025-05-25 00:00:00
1150,2025-05-26 00:00:00,2025-06-01 00:00:00
1151,2025-06-02 00:00:00,2025-06-08 00:00:00
1152,2025-06-09 00:00:00,2025-06-15 00:00:00
1153,2025-06-16 00:00:00,2025-06-22 00:00:00
1154,2025-06-23 00:00:00,2025-06-29 00:00:00
1155,2025-06-30 00:00:00,2025-07-06 00:00:00
1156,2025-07-07 00:00:00,2025-07-13 00:00:00
1157,2025-07-14 00:00:00,2025-07-20 00:00:00
1158,2025-07-21 00:00:00,2025-07-27 00:00:00
1159,2025-07-28 00:00:00,2025-08-03 00:00:00
1160,2025-08-04 00:00:00,2025-08-10 00:00:00
1161,2025-08-11 00:00:00,2025-08-17 00:00:00
1162,2025-08-18 00:00:00,2025-08-24 00:00:00
1163,2025-08-25 00:00:00,2025-08-31 00:00:00
1164,2025-09-01 00:00:00,2025-09-07 00:00:00
1165,2025-09-08 00:00:00,2025-09-14 00:00:00
1166,2025-09-15 00:00:00,2025-09-21 00:00:00
1167,2025-09-22 00:00:00,2025-09-28 00:00:00
1168,2025-09-29 00:00:00,2025-10-05 00:00:00
1169,2025-10-06 00:00:00,2025-10-12 00:00:00
1170,2025-10-13 00:00:00,2025-10-19 00:00:00
1171,2025-10-20 00:00:00,2025-10-26 00:00:00
1172,2025-10-27 00:00:00,2025-11-02 00:00:00
1173,2025-11-03 00:00:00,2025-11-09 00:00:00
1174,2025-11-10 00:00:00,2025-11-16 00:00:00
1175,2025-11-17 00:00:00,2025-11-23 00:00:00
1176,2025-11-24 00:00:00,2025-11-30 00:00:00
1177,2025-12-01 00:00:00,2025-12-07 00:00:00
1178,2025-12-08 00:00:00,2025-12-14 00:00:00
1179,2025-12-15 00:00:00,2025-12-21 00:00:00
1180,2025-12-22 00:00:00,2025-12-28 00:00:00
1181,2025-12-29 00:00:00,2026-01-04 00:00:00
1182,2026-01-05 00:00:00,2026-01-11 00:00:00
1183,2026-01-12 00:00:00,2026-01-18 00:00:00
1184,2026-01-19 00:00:00,2026-01-25 00:00:00
